[2025-12-14 16:29:02.416] [global] [info] [cache.cc:974] [monitor] [trufflehog:lint:android\build_log_33.txt:HEAD] running linter (cache-key:fb8323091a4575ab5e4fc5153c657f49)
[2025-12-14 16:29:02.416] [global] [info] [cache.cc:934] [monitor] [trufflehog:lint:android\app\src\main\res\drawable-land-hdpi\splash.png:HEAD] already cached, not running linter
[2025-12-14 16:29:02.419] [global] [info] [cache.cc:939] Unable to deserialize [monitor] [trufflehog:lint:android\build_log_34.txt:HEAD], removing from cache
[2025-12-14 16:29:02.420] [global] [info] [cache.cc:934] [monitor] [trufflehog:lint:android\app\src\main\res\drawable-land-mdpi\splash.png:HEAD] already cached, not running linter
[2025-12-14 16:29:02.420] [global] [info] [cache.cc:974] [monitor] [trufflehog:lint:android\build_log_34.txt:HEAD] running linter (cache-key:dc3bae397308f2f1b0ff3f1e3f78e7cb)
[2025-12-14 16:29:02.420] [global] [info] [cache.cc:934] [monitor] [trufflehog:lint:android\app\src\main\res\drawable-land-xhdpi\splash.png:HEAD] already cached, not running linter
[2025-12-14 16:29:02.421] [global] [info] [cache.cc:939] Unable to deserialize [monitor] [trufflehog:lint:android\build_log_35.txt:HEAD], removing from cache
[2025-12-14 16:29:02.421] [global] [info] [cache.cc:934] [monitor] [trufflehog:lint:android\app\src\main\res\drawable-land-xxhdpi\splash.png:HEAD] already cached, not running linter
[2025-12-14 16:29:02.421] [global] [info] [cache.cc:974] [monitor] [trufflehog:lint:android\build_log_35.txt:HEAD] running linter (cache-key:1d6268d45d921301b39e236854e097f8)
[2025-12-14 16:29:02.422] [global] [info] [cache.cc:934] [monitor] [trufflehog:lint:android\app\src\main\res\drawable-land-xxxhdpi\splash.png:HEAD] already cached, not running linter
[2025-12-14 16:29:02.422] [global] [info] [cache.cc:939] Unable to deserialize [monitor] [trufflehog:lint:android\build_log_36.txt:HEAD], removing from cache
[2025-12-14 16:29:02.423] [global] [info] [cache.cc:934] [monitor] [trufflehog:lint:android\app\src\main\res\drawable-port-hdpi\splash.png:HEAD] already cached, not running linter
[2025-12-14 16:29:02.423] [global] [info] [cache.cc:974] [monitor] [trufflehog:lint:android\build_log_36.txt:HEAD] running linter (cache-key:10b78fbf593482c541d347480e8fe48c)
[2025-12-14 16:29:02.423] [global] [info] [cache.cc:934] [monitor] [trufflehog:lint:android\app\src\main\res\drawable-port-mdpi\splash.png:HEAD] already cached, not running linter
[2025-12-14 16:29:02.424] [global] [info] [cache.cc:939] Unable to deserialize [monitor] [trufflehog:lint:android\build_log_37.txt:HEAD], removing from cache
[2025-12-14 16:29:02.424] [global] [info] [cache.cc:934] [monitor] [trufflehog:lint:android\app\src\main\res\drawable-port-xhdpi\splash.png:HEAD] already cached, not running linter
[2025-12-14 16:29:02.424] [global] [info] [cache.cc:974] [monitor] [trufflehog:lint:android\build_log_37.txt:HEAD] running linter (cache-key:080a36f3cc4fc14afec6c96c58c9696a)
[2025-12-14 16:29:02.425] [global] [info] [cache.cc:934] [monitor] [trufflehog:lint:android\app\src\main\res\drawable-port-xxhdpi\splash.png:HEAD] already cached, not running linter
[2025-12-14 16:29:02.425] [global] [info] [cache.cc:934] [monitor] [trufflehog:lint:android\build_log_38.txt:HEAD] already cached, not running linter
[2025-12-14 16:29:02.425] [global] [info] [cache.cc:934] [monitor] [trufflehog:lint:android\app\src\main\res\drawable-port-xxxhdpi\splash.png:HEAD] already cached, not running linter
[2025-12-14 16:29:02.426] [global] [info] [cache.cc:934] [monitor] [trufflehog:lint:android\build_log_39.txt:HEAD] already cached, not running linter
[2025-12-14 16:29:02.426] [global] [info] [cache.cc:934] [monitor] [trufflehog:lint:android\app\src\main\res\drawable-v24\ic_launcher_foreground.xml:HEAD] already cached, not running linter
[2025-12-14 16:29:02.427] [global] [info] [cache.cc:934] [monitor] [trufflehog:lint:android\build_log_4.txt:HEAD] already cached, not running linter
[2025-12-14 16:29:02.427] [global] [info] [cache.cc:934] [monitor] [trufflehog:lint:android\app\src\main\res\layout\activity_main.xml:HEAD] already cached, not running linter
[2025-12-14 16:29:02.428] [global] [info] [cache.cc:934] [monitor] [trufflehog:lint:android\build_log_40.txt:HEAD] already cached, not running linter
[2025-12-14 16:29:02.428] [global] [info] [cache.cc:934] [monitor] [trufflehog:lint:android\app\src\main\res\mipmap-anydpi-v26\ic_launcher.xml:HEAD] already cached, not running linter
[2025-12-14 16:29:02.429] [global] [info] [cache.cc:934] [monitor] [trufflehog:lint:android\build_log_41.txt:HEAD] already cached, not running linter
[2025-12-14 16:29:02.429] [global] [info] [cache.cc:934] [monitor] [trufflehog:lint:android\app\src\main\res\mipmap-anydpi-v26\ic_launcher_round.xml:HEAD] already cached, not running linter
[2025-12-14 16:29:02.429] [global] [info] [cache.cc:934] [monitor] [trufflehog:lint:android\build_log_42.txt:HEAD] already cached, not running linter
[2025-12-14 16:29:02.430] [global] [info] [cache.cc:934] [monitor] [trufflehog:lint:android\app\src\main\res\mipmap-hdpi\ic_launcher.png:HEAD] already cached, not running linter
[2025-12-14 16:29:02.430] [global] [info] [cache.cc:934] [monitor] [trufflehog:lint:android\build_log_43.txt:HEAD] already cached, not running linter
[2025-12-14 16:29:02.431] [global] [info] [cache.cc:934] [monitor] [trufflehog:lint:android\app\src\main\res\mipmap-hdpi\ic_launcher_foreground.png:HEAD] already cached, not running linter
[2025-12-14 16:29:02.431] [global] [info] [cache.cc:974] [monitor] [trufflehog:lint:android\build_log_44.txt:HEAD] running linter (cache-key:a2ad79c7abb814017eafc26ba00109c4)
[2025-12-14 16:29:02.431] [global] [info] [cache.cc:934] [monitor] [trufflehog:lint:android\app\src\main\res\mipmap-hdpi\ic_launcher_round.png:HEAD] already cached, not running linter
[2025-12-14 16:29:02.432] [global] [info] [cache.cc:934] [monitor] [trufflehog:lint:android\build_log_5.txt:HEAD] already cached, not running linter
[2025-12-14 16:29:02.432] [global] [info] [cache.cc:934] [monitor] [trufflehog:lint:android\app\src\main\res\mipmap-mdpi\ic_launcher.png:HEAD] already cached, not running linter
[2025-12-14 16:29:02.433] [global] [info] [cache.cc:934] [monitor] [trufflehog:lint:android\build_log_6.txt:HEAD] already cached, not running linter
[2025-12-14 16:29:02.433] [global] [info] [cache.cc:934] [monitor] [trufflehog:lint:android\app\src\main\res\mipmap-mdpi\ic_launcher_foreground.png:HEAD] already cached, not running linter
[2025-12-14 16:29:02.433] [global] [info] [cache.cc:934] [monitor] [trufflehog:lint:android\build_log_7.txt:HEAD] already cached, not running linter
[2025-12-14 16:29:02.434] [global] [info] [cache.cc:934] [monitor] [trufflehog:lint:android\app\src\main\res\mipmap-mdpi\ic_launcher_round.png:HEAD] already cached, not running linter
[2025-12-14 16:29:02.434] [global] [info] [cache.cc:934] [monitor] [trufflehog:lint:android\build_log_8.txt:HEAD] already cached, not running linter
[2025-12-14 16:29:02.434] [global] [info] [cache.cc:934] [monitor] [trufflehog:lint:android\app\src\main\res\mipmap-xhdpi\ic_launcher.png:HEAD] already cached, not running linter
[2025-12-14 16:29:02.435] [global] [info] [cache.cc:934] [monitor] [trufflehog:lint:android\build_log_9.txt:HEAD] already cached, not running linter
[2025-12-14 16:29:02.435] [global] [info] [cache.cc:934] [monitor] [trufflehog:lint:android\app\src\main\res\mipmap-xhdpi\ic_launcher_foreground.png:HEAD] already cached, not running linter
[2025-12-14 16:29:02.435] [global] [info] [cache.cc:934] [monitor] [trufflehog:lint:android\capacitor.settings.gradle:HEAD] already cached, not running linter
[2025-12-14 16:29:02.436] [global] [info] [cache.cc:934] [monitor] [trufflehog:lint:android\app\src\main\res\mipmap-xhdpi\ic_launcher_round.png:HEAD] already cached, not running linter
[2025-12-14 16:29:02.436] [global] [info] [cache.cc:934] [monitor] [trufflehog:lint:android\gradle\wrapper\gradle-wrapper.jar:HEAD] already cached, not running linter
[2025-12-14 16:29:02.436] [global] [info] [cache.cc:934] [monitor] [trufflehog:lint:android\app\src\main\res\mipmap-xxhdpi\ic_launcher.png:HEAD] already cached, not running linter
[2025-12-14 16:29:02.437] [global] [info] [cache.cc:939] Unable to deserialize [monitor] [trufflehog:lint:android\gradle\wrapper\gradle-wrapper.properties:HEAD], removing from cache
[2025-12-14 16:29:02.437] [global] [info] [cache.cc:934] [monitor] [trufflehog:lint:android\app\src\main\res\mipmap-xxhdpi\ic_launcher_foreground.png:HEAD] already cached, not running linter
[2025-12-14 16:29:02.437] [global] [info] [cache.cc:974] [monitor] [trufflehog:lint:android\gradle\wrapper\gradle-wrapper.properties:HEAD] running linter (cache-key:d33c475e39d59277644a40d6dc5c8024)
[2025-12-14 16:29:02.438] [global] [info] [cache.cc:934] [monitor] [trufflehog:lint:android\app\src\main\res\mipmap-xxhdpi\ic_launcher_round.png:HEAD] already cached, not running linter
[2025-12-14 16:29:02.438] [global] [info] [cache.cc:934] [monitor] [trufflehog:lint:android\gradle.properties:HEAD] already cached, not running linter
[2025-12-14 16:29:02.439] [global] [info] [cache.cc:934] [monitor] [trufflehog:lint:android\app\src\main\res\mipmap-xxxhdpi\ic_launcher.png:HEAD] already cached, not running linter
[2025-12-14 16:29:02.439] [global] [info] [cache.cc:934] [monitor] [trufflehog:lint:android\gradlew:HEAD] already cached, not running linter
[2025-12-14 16:29:02.439] [global] [info] [cache.cc:934] [monitor] [trufflehog:lint:android\app\src\main\res\mipmap-xxxhdpi\ic_launcher_foreground.png:HEAD] already cached, not running linter
[2025-12-14 16:29:02.440] [global] [info] [cache.cc:934] [monitor] [trufflehog:lint:android\gradlew.bat:HEAD] already cached, not running linter
[2025-12-14 16:29:02.440] [global] [info] [cache.cc:934] [monitor] [trufflehog:lint:android\app\src\main\res\mipmap-xxxhdpi\ic_launcher_round.png:HEAD] already cached, not running linter
[2025-12-14 16:29:02.441] [global] [info] [cache.cc:934] [monitor] [trufflehog:lint:android\settings.gradle:HEAD] already cached, not running linter
[2025-12-14 16:29:02.441] [global] [info] [cache.cc:934] [monitor] [trufflehog:lint:android\app\src\main\res\values\ic_launcher_background.xml:HEAD] already cached, not running linter
[2025-12-14 16:29:02.441] [global] [info] [cache.cc:934] [monitor] [trufflehog:lint:android\variables.gradle:HEAD] already cached, not running linter
[2025-12-14 16:29:02.442] [global] [info] [cache.cc:934] [monitor] [trufflehog:lint:android\app\src\main\res\values\strings.xml:HEAD] already cached, not running linter
[2025-12-14 16:29:02.442] [global] [info] [cache.cc:934] [monitor] [trufflehog:lint:android\app\src\main\res\values\styles.xml:HEAD] already cached, not running linter
[2025-12-14 16:29:02.442] [global] [info] [cache.cc:934] [monitor] [trufflehog:lint:android\app\src\main\res\xml\file_paths.xml:HEAD] already cached, not running linter
[2025-12-14 16:29:02.443] [global] [info] [cache.cc:934] [monitor] [trufflehog:lint:android\app\src\test\java\com\getcapacitor\myapp\ExampleUnitTest.java:HEAD] already cached, not running linter
[2025-12-14 16:29:02.444] [global] [info] [cache.cc:939] Unable to deserialize [monitor] [trufflehog:lint:android\build.gradle:HEAD], removing from cache
[2025-12-14 16:29:02.444] [global] [info] [cache.cc:974] [monitor] [trufflehog:lint:android\build.gradle:HEAD] running linter (cache-key:64fa6e69079fb04524fab02ebd003f78)
[2025-12-14 16:29:02.444] [global] [info] [cache.cc:934] [monitor] [trufflehog:lint:android\build_log.txt:HEAD] already cached, not running linter
[2025-12-14 16:29:02.445] [global] [info] [cache.cc:934] [monitor] [trufflehog:lint:android\build_log_10.txt:HEAD] already cached, not running linter
[2025-12-14 16:29:02.445] [global] [info] [cache.cc:934] [monitor] [trufflehog:lint:android\build_log_12.txt:HEAD] already cached, not running linter
[2025-12-14 16:29:02.446] [global] [info] [cache.cc:934] [monitor] [trufflehog:lint:android\build_log_13.txt:HEAD] already cached, not running linter
[2025-12-14 16:29:02.447] [global] [info] [cache.cc:934] [monitor] [trufflehog:lint:android\build_log_15.txt:HEAD] already cached, not running linter
[2025-12-14 16:29:02.447] [global] [info] [cache.cc:934] [monitor] [trufflehog:lint:android\build_log_17.txt:HEAD] already cached, not running linter
[2025-12-14 16:29:02.447] [global] [info] [cache.cc:934] [monitor] [trufflehog:lint:android\build_log_18.txt:HEAD] already cached, not running linter
[2025-12-14 16:29:02.448] [global] [info] [cache.cc:934] [monitor] [trufflehog:lint:android\build_log_19.txt:HEAD] already cached, not running linter
[2025-12-14 16:29:02.448] [global] [info] [cache.cc:934] [monitor] [trufflehog:lint:android\build_log_2.txt:HEAD] already cached, not running linter
[2025-12-14 16:29:02.449] [global] [info] [cache.cc:934] [monitor] [trufflehog:lint:android\build_log_20.txt:HEAD] already cached, not running linter
[2025-12-14 16:29:02.449] [global] [info] [cache.cc:934] [monitor] [trufflehog:lint:android\build_log_21.txt:HEAD] already cached, not running linter
[2025-12-14 16:29:02.450] [global] [info] [cache.cc:934] [monitor] [trufflehog:lint:android\build_log_22.txt:HEAD] already cached, not running linter
[2025-12-14 16:29:03.279] [global] [info] [git_source_control.cc:517] Computing merge base between 78539538ca4282c1f3cf42d3584b97e73bdedeb7 and 78539538ca4282c1f3cf42d3584b97e73bdedeb7
[2025-12-14 16:29:03.279] [global] [info] [git_source_control.cc:519] Resolved divergent commit as 78539538ca4282c1f3cf42d3584b97e73bdedeb7
[2025-12-14 16:29:03.841] [global] [warning] [resolve_binary.cc:46] is_regular_file check failed for for C:\Users\jensv\AppData\Local\trunk\tools\trufflehog\3.92.3-1cfbe64db1a40343dc16e8ce20c499f6/bin\python3.bat // 3:Het systeem kan het opgegeven pad niet vinden.
[2025-12-14 16:29:03.841] [global] [warning] [resolve_binary.cc:46] is_regular_file check failed for for C:\Users\jensv\AppData\Local\trunk\tools\trufflehog\3.92.3-1cfbe64db1a40343dc16e8ce20c499f6/bin\python3 // 3:Het systeem kan het opgegeven pad niet vinden.
[2025-12-14 16:29:03.841] [global] [warning] [resolve_binary.cc:46] is_regular_file check failed for for C:\Users\jensv\AppData\Local\trunk\tools\trufflehog\3.92.3-1cfbe64db1a40343dc16e8ce20c499f6/bin\python3.exe // 3:Het systeem kan het opgegeven pad niet vinden.
[2025-12-14 16:29:03.841] [global] [warning] [resolve_binary.cc:46] is_regular_file check failed for for C:\Users\jensv\AppData\Local\trunk\tools\trufflehog\3.92.3-1cfbe64db1a40343dc16e8ce20c499f6/Scripts\python3.bat // 3:Het systeem kan het opgegeven pad niet vinden.
[2025-12-14 16:29:03.841] [global] [warning] [resolve_binary.cc:46] is_regular_file check failed for for C:\Users\jensv\AppData\Local\trunk\tools\trufflehog\3.92.3-1cfbe64db1a40343dc16e8ce20c499f6/Scripts\python3 // 3:Het systeem kan het opgegeven pad niet vinden.
[2025-12-14 16:29:03.841] [global] [warning] [resolve_binary.cc:46] is_regular_file check failed for for C:\Users\jensv\AppData\Local\trunk\tools\trufflehog\3.92.3-1cfbe64db1a40343dc16e8ce20c499f6/Scripts\python3.exe // 3:Het systeem kan het opgegeven pad niet vinden.
[2025-12-14 16:29:03.841] [global] [warning] [resolve_binary.cc:46] is_regular_file check failed for for C:\Users\jensv\AppData\Local\trunk\tools\python\3.10.8-2211cb108575de2785d77a26a1f8d070/bin\python3.bat // 3:Het systeem kan het opgegeven pad niet vinden.
[2025-12-14 16:29:03.841] [global] [warning] [resolve_binary.cc:46] is_regular_file check failed for for C:\Users\jensv\AppData\Local\trunk\tools\python\3.10.8-2211cb108575de2785d77a26a1f8d070/bin\python3 // 3:Het systeem kan het opgegeven pad niet vinden.
[2025-12-14 16:29:03.841] [global] [warning] [resolve_binary.cc:46] is_regular_file check failed for for C:\Users\jensv\AppData\Local\trunk\tools\python\3.10.8-2211cb108575de2785d77a26a1f8d070/bin\python3.exe // 3:Het systeem kan het opgegeven pad niet vinden.
[2025-12-14 16:29:03.875] [global] [warning] [resolve_binary.cc:46] is_regular_file check failed for for C:\Users\jensv\AppData\Local\trunk\tools\trufflehog\3.92.3-1cfbe64db1a40343dc16e8ce20c499f6/bin\python3.bat // 3:Het systeem kan het opgegeven pad niet vinden.
[2025-12-14 16:29:03.875] [global] [warning] [resolve_binary.cc:46] is_regular_file check failed for for C:\Users\jensv\AppData\Local\trunk\tools\trufflehog\3.92.3-1cfbe64db1a40343dc16e8ce20c499f6/bin\python3 // 3:Het systeem kan het opgegeven pad niet vinden.
[2025-12-14 16:29:03.875] [global] [warning] [resolve_binary.cc:46] is_regular_file check failed for for C:\Users\jensv\AppData\Local\trunk\tools\trufflehog\3.92.3-1cfbe64db1a40343dc16e8ce20c499f6/bin\python3.exe // 3:Het systeem kan het opgegeven pad niet vinden.
[2025-12-14 16:29:03.875] [global] [warning] [resolve_binary.cc:46] is_regular_file check failed for for C:\Users\jensv\AppData\Local\trunk\tools\trufflehog\3.92.3-1cfbe64db1a40343dc16e8ce20c499f6/Scripts\python3.bat // 3:Het systeem kan het opgegeven pad niet vinden.
[2025-12-14 16:29:03.875] [global] [warning] [resolve_binary.cc:46] is_regular_file check failed for for C:\Users\jensv\AppData\Local\trunk\tools\trufflehog\3.92.3-1cfbe64db1a40343dc16e8ce20c499f6/Scripts\python3 // 3:Het systeem kan het opgegeven pad niet vinden.
[2025-12-14 16:29:03.875] [global] [warning] [resolve_binary.cc:46] is_regular_file check failed for for C:\Users\jensv\AppData\Local\trunk\tools\trufflehog\3.92.3-1cfbe64db1a40343dc16e8ce20c499f6/Scripts\python3.exe // 3:Het systeem kan het opgegeven pad niet vinden.
[2025-12-14 16:29:03.875] [global] [warning] [resolve_binary.cc:46] is_regular_file check failed for for C:\Users\jensv\AppData\Local\trunk\tools\python\3.10.8-2211cb108575de2785d77a26a1f8d070/bin\python3.bat // 3:Het systeem kan het opgegeven pad niet vinden.
[2025-12-14 16:29:03.875] [global] [warning] [resolve_binary.cc:46] is_regular_file check failed for for C:\Users\jensv\AppData\Local\trunk\tools\python\3.10.8-2211cb108575de2785d77a26a1f8d070/bin\python3 // 3:Het systeem kan het opgegeven pad niet vinden.
[2025-12-14 16:29:03.875] [global] [warning] [resolve_binary.cc:46] is_regular_file check failed for for C:\Users\jensv\AppData\Local\trunk\tools\python\3.10.8-2211cb108575de2785d77a26a1f8d070/bin\python3.exe // 3:Het systeem kan het opgegeven pad niet vinden.
[2025-12-14 16:29:03.956] [global] [info] [cache.cc:1117] [monitor] [trufflehog:lint:android\.gitignore... (64 files):HEAD] Linter ran in 1504ms
[2025-12-14 16:29:03.984] [global] [info] [cache.cc:1117] [monitor] [trufflehog:lint:android\build_log_23.txt... (35 files):HEAD] Linter ran in 1534ms
[2025-12-14 16:29:04.511] [global] [info] [git_source_control.cc:517] Computing merge base between 78539538ca4282c1f3cf42d3584b97e73bdedeb7 and 78539538ca4282c1f3cf42d3584b97e73bdedeb7
[2025-12-14 16:29:04.511] [global] [info] [git_source_control.cc:519] Resolved divergent commit as 78539538ca4282c1f3cf42d3584b97e73bdedeb7
[2025-12-14 16:29:04.560] [global] [info] [cache.cc:974] [monitor] [trufflehog:lint:android\build_log_44.txt:HEAD] running linter (cache-key:24241cf4e7dcb0953ec94d8dbf323861)
[2025-12-14 16:29:06.130] [global] [warning] [resolve_binary.cc:46] is_regular_file check failed for for C:\Users\jensv\AppData\Local\trunk\tools\trufflehog\3.92.3-1cfbe64db1a40343dc16e8ce20c499f6/bin\python3.bat // 3:Het systeem kan het opgegeven pad niet vinden.
[2025-12-14 16:29:06.130] [global] [warning] [resolve_binary.cc:46] is_regular_file check failed for for C:\Users\jensv\AppData\Local\trunk\tools\trufflehog\3.92.3-1cfbe64db1a40343dc16e8ce20c499f6/bin\python3 // 3:Het systeem kan het opgegeven pad niet vinden.
[2025-12-14 16:29:06.130] [global] [warning] [resolve_binary.cc:46] is_regular_file check failed for for C:\Users\jensv\AppData\Local\trunk\tools\trufflehog\3.92.3-1cfbe64db1a40343dc16e8ce20c499f6/bin\python3.exe // 3:Het systeem kan het opgegeven pad niet vinden.
[2025-12-14 16:29:06.131] [global] [warning] [resolve_binary.cc:46] is_regular_file check failed for for C:\Users\jensv\AppData\Local\trunk\tools\trufflehog\3.92.3-1cfbe64db1a40343dc16e8ce20c499f6/Scripts\python3.bat // 3:Het systeem kan het opgegeven pad niet vinden.
[2025-12-14 16:29:06.131] [global] [warning] [resolve_binary.cc:46] is_regular_file check failed for for C:\Users\jensv\AppData\Local\trunk\tools\trufflehog\3.92.3-1cfbe64db1a40343dc16e8ce20c499f6/Scripts\python3 // 3:Het systeem kan het opgegeven pad niet vinden.
[2025-12-14 16:29:06.131] [global] [warning] [resolve_binary.cc:46] is_regular_file check failed for for C:\Users\jensv\AppData\Local\trunk\tools\trufflehog\3.92.3-1cfbe64db1a40343dc16e8ce20c499f6/Scripts\python3.exe // 3:Het systeem kan het opgegeven pad niet vinden.
[2025-12-14 16:29:06.131] [global] [warning] [resolve_binary.cc:46] is_regular_file check failed for for C:\Users\jensv\AppData\Local\trunk\tools\python\3.10.8-2211cb108575de2785d77a26a1f8d070/bin\python3.bat // 3:Het systeem kan het opgegeven pad niet vinden.
[2025-12-14 16:29:06.131] [global] [warning] [resolve_binary.cc:46] is_regular_file check failed for for C:\Users\jensv\AppData\Local\trunk\tools\python\3.10.8-2211cb108575de2785d77a26a1f8d070/bin\python3 // 3:Het systeem kan het opgegeven pad niet vinden.
[2025-12-14 16:29:06.131] [global] [warning] [resolve_binary.cc:46] is_regular_file check failed for for C:\Users\jensv\AppData\Local\trunk\tools\python\3.10.8-2211cb108575de2785d77a26a1f8d070/bin\python3.exe // 3:Het systeem kan het opgegeven pad niet vinden.
[2025-12-14 16:29:06.274] [global] [info] [cache.cc:1117] [monitor] [trufflehog:lint:android\build_log_44.txt:HEAD] Linter ran in 1712ms
[2025-12-14 16:29:06.838] [global] [info] [windows_monitor_impl.cc:153] monitor ReadDirectoryChangesW overflowed, recrawling
[2025-12-14 16:29:11.549] [global] [info] [git_source_control.cc:517] Computing merge base between 78539538ca4282c1f3cf42d3584b97e73bdedeb7 and 78539538ca4282c1f3cf42d3584b97e73bdedeb7
[2025-12-14 16:29:11.549] [global] [info] [git_source_control.cc:519] Resolved divergent commit as 78539538ca4282c1f3cf42d3584b97e73bdedeb7
[2025-12-14 16:29:11.736] [global] [info] [cache.cc:934] [monitor] [trufflehog:lint:android\app\.gitignore:HEAD] already cached, not running linter
[2025-12-14 16:29:11.736] [global] [info] [cache.cc:934] [monitor] [trufflehog:lint:android\app\build.gradle:HEAD] already cached, not running linter
[2025-12-14 16:29:11.736] [global] [info] [cache.cc:934] [monitor] [trufflehog:lint:android\app\capacitor.build.gradle:HEAD] already cached, not running linter
[2025-12-14 16:29:11.737] [global] [info] [cache.cc:934] [monitor] [trufflehog:lint:android\app\proguard-rules.pro:HEAD] already cached, not running linter
[2025-12-14 16:29:11.737] [global] [info] [cache.cc:934] [monitor] [trufflehog:lint:android\app\src\androidTest\java\com\getcapacitor\myapp\ExampleInstrumentedTest.java:HEAD] already cached, not running linter
[2025-12-14 16:29:11.738] [global] [info] [cache.cc:934] [monitor] [trufflehog:lint:android\app\src\main\AndroidManifest.xml:HEAD] already cached, not running linter
[2025-12-14 16:29:11.738] [global] [info] [cache.cc:934] [monitor] [trufflehog:lint:android\app\src\main\java\com\aiha\app\MainActivity.java:HEAD] already cached, not running linter
[2025-12-14 16:29:11.739] [global] [info] [cache.cc:934] [monitor] [trufflehog:lint:android\app\src\main\res\drawable\ic_launcher_background.xml:HEAD] already cached, not running linter
[2025-12-14 16:29:11.739] [global] [info] [cache.cc:934] [monitor] [trufflehog:lint:android\app\src\main\res\drawable\splash.png:HEAD] already cached, not running linter
[2025-12-14 16:29:11.740] [global] [info] [cache.cc:934] [monitor] [trufflehog:lint:android\app\src\main\res\drawable-land-hdpi\splash.png:HEAD] already cached, not running linter
[2025-12-14 16:29:11.740] [global] [info] [cache.cc:934] [monitor] [trufflehog:lint:android\app\src\main\res\drawable-land-mdpi\splash.png:HEAD] already cached, not running linter
[2025-12-14 16:29:11.741] [global] [info] [cache.cc:934] [monitor] [trufflehog:lint:android\app\src\main\res\drawable-land-xhdpi\splash.png:HEAD] already cached, not running linter
[2025-12-14 16:29:11.742] [global] [info] [cache.cc:934] [monitor] [trufflehog:lint:android\app\src\main\res\drawable-land-xxhdpi\splash.png:HEAD] already cached, not running linter
[2025-12-14 16:29:11.742] [global] [info] [cache.cc:934] [monitor] [trufflehog:lint:android\app\src\main\res\drawable-land-xxxhdpi\splash.png:HEAD] already cached, not running linter
[2025-12-14 16:29:11.743] [global] [info] [cache.cc:934] [monitor] [trufflehog:lint:android\app\src\main\res\drawable-port-hdpi\splash.png:HEAD] already cached, not running linter
[2025-12-14 16:29:11.743] [global] [info] [cache.cc:934] [monitor] [trufflehog:lint:android\app\src\main\res\drawable-port-mdpi\splash.png:HEAD] already cached, not running linter
[2025-12-14 16:29:11.743] [global] [info] [cache.cc:934] [monitor] [trufflehog:lint:android\app\src\main\res\drawable-port-xhdpi\splash.png:HEAD] already cached, not running linter
[2025-12-14 16:29:11.744] [global] [info] [cache.cc:934] [monitor] [trufflehog:lint:android\app\src\main\res\drawable-port-xxhdpi\splash.png:HEAD] already cached, not running linter
[2025-12-14 16:29:11.744] [global] [info] [cache.cc:934] [monitor] [trufflehog:lint:android\app\src\main\res\drawable-port-xxxhdpi\splash.png:HEAD] already cached, not running linter
[2025-12-14 16:29:11.744] [global] [info] [cache.cc:934] [monitor] [trufflehog:lint:android\app\src\main\res\drawable-v24\ic_launcher_foreground.xml:HEAD] already cached, not running linter
[2025-12-14 16:29:11.745] [global] [info] [cache.cc:934] [monitor] [trufflehog:lint:android\app\src\main\res\layout\activity_main.xml:HEAD] already cached, not running linter
[2025-12-14 16:29:11.745] [global] [info] [cache.cc:934] [monitor] [trufflehog:lint:android\app\src\main\res\mipmap-anydpi-v26\ic_launcher.xml:HEAD] already cached, not running linter
[2025-12-14 16:29:11.746] [global] [info] [cache.cc:934] [monitor] [trufflehog:lint:android\app\src\main\res\mipmap-anydpi-v26\ic_launcher_round.xml:HEAD] already cached, not running linter
[2025-12-14 16:29:11.746] [global] [info] [cache.cc:934] [monitor] [trufflehog:lint:android\app\src\main\res\mipmap-hdpi\ic_launcher.png:HEAD] already cached, not running linter
[2025-12-14 16:29:11.746] [global] [info] [cache.cc:934] [monitor] [trufflehog:lint:android\app\src\main\res\mipmap-hdpi\ic_launcher_foreground.png:HEAD] already cached, not running linter
[2025-12-14 16:29:11.747] [global] [info] [cache.cc:934] [monitor] [trufflehog:lint:android\app\src\main\res\mipmap-hdpi\ic_launcher_round.png:HEAD] already cached, not running linter
[2025-12-14 16:29:11.747] [global] [info] [cache.cc:934] [monitor] [trufflehog:lint:android\app\src\main\res\mipmap-mdpi\ic_launcher.png:HEAD] already cached, not running linter
[2025-12-14 16:29:11.748] [global] [info] [cache.cc:934] [monitor] [trufflehog:lint:android\app\src\main\res\mipmap-mdpi\ic_launcher_foreground.png:HEAD] already cached, not running linter
[2025-12-14 16:29:11.748] [global] [info] [cache.cc:934] [monitor] [trufflehog:lint:android\app\src\main\res\mipmap-mdpi\ic_launcher_round.png:HEAD] already cached, not running linter
[2025-12-14 16:29:11.749] [global] [info] [cache.cc:934] [monitor] [trufflehog:lint:android\app\src\main\res\mipmap-xhdpi\ic_launcher.png:HEAD] already cached, not running linter
[2025-12-14 16:29:11.749] [global] [info] [cache.cc:934] [monitor] [trufflehog:lint:android\app\src\main\res\mipmap-xhdpi\ic_launcher_foreground.png:HEAD] already cached, not running linter
[2025-12-14 16:29:11.750] [global] [info] [cache.cc:934] [monitor] [trufflehog:lint:android\app\src\main\res\mipmap-xhdpi\ic_launcher_round.png:HEAD] already cached, not running linter
[2025-12-14 16:29:11.750] [global] [info] [cache.cc:934] [monitor] [trufflehog:lint:android\app\src\main\res\mipmap-xxhdpi\ic_launcher.png:HEAD] already cached, not running linter
[2025-12-14 16:29:11.750] [global] [info] [cache.cc:934] [monitor] [trufflehog:lint:android\app\src\main\res\mipmap-xxhdpi\ic_launcher_foreground.png:HEAD] already cached, not running linter
[2025-12-14 16:29:11.751] [global] [info] [cache.cc:934] [monitor] [trufflehog:lint:android\app\src\main\res\mipmap-xxhdpi\ic_launcher_round.png:HEAD] already cached, not running linter
[2025-12-14 16:29:11.751] [global] [info] [cache.cc:934] [monitor] [trufflehog:lint:android\app\src\main\res\mipmap-xxxhdpi\ic_launcher.png:HEAD] already cached, not running linter
[2025-12-14 16:29:11.751] [global] [info] [cache.cc:934] [monitor] [trufflehog:lint:android\app\src\main\res\mipmap-xxxhdpi\ic_launcher_foreground.png:HEAD] already cached, not running linter
[2025-12-14 16:29:11.752] [global] [info] [cache.cc:934] [monitor] [trufflehog:lint:android\app\src\main\res\mipmap-xxxhdpi\ic_launcher_round.png:HEAD] already cached, not running linter
[2025-12-14 16:29:11.752] [global] [info] [cache.cc:934] [monitor] [trufflehog:lint:android\app\src\main\res\values\ic_launcher_background.xml:HEAD] already cached, not running linter
[2025-12-14 16:29:11.753] [global] [info] [cache.cc:934] [monitor] [trufflehog:lint:android\app\src\main\res\values\strings.xml:HEAD] already cached, not running linter
[2025-12-14 16:29:11.753] [global] [info] [cache.cc:934] [monitor] [trufflehog:lint:android\app\src\main\res\values\styles.xml:HEAD] already cached, not running linter
[2025-12-14 16:29:11.754] [global] [info] [cache.cc:934] [monitor] [trufflehog:lint:android\app\src\main\res\xml\file_paths.xml:HEAD] already cached, not running linter
[2025-12-14 16:29:11.754] [global] [info] [cache.cc:934] [monitor] [trufflehog:lint:android\app\src\test\java\com\getcapacitor\myapp\ExampleUnitTest.java:HEAD] already cached, not running linter
[2025-12-14 16:29:11.754] [global] [info] [cache.cc:974] [monitor] [trufflehog:lint:android\build_log_44.txt:HEAD] running linter (cache-key:6c59c8b15ff67bd2eeb34765f8b63e80)
[2025-12-14 16:29:13.225] [global] [info] [git_source_control.cc:517] Computing merge base between 78539538ca4282c1f3cf42d3584b97e73bdedeb7 and 78539538ca4282c1f3cf42d3584b97e73bdedeb7
[2025-12-14 16:29:13.225] [global] [info] [git_source_control.cc:519] Resolved divergent commit as 78539538ca4282c1f3cf42d3584b97e73bdedeb7
[2025-12-14 16:29:13.283] [global] [info] [cache.cc:974] [monitor] [trufflehog:lint:android\build_log_44.txt:HEAD] running linter (cache-key:9af8eb3b173e1e677af48aaf1e936363)
[2025-12-14 16:29:13.392] [global] [warning] [resolve_binary.cc:46] is_regular_file check failed for for C:\Users\jensv\AppData\Local\trunk\tools\trufflehog\3.92.3-1cfbe64db1a40343dc16e8ce20c499f6/bin\python3.bat // 3:Het systeem kan het opgegeven pad niet vinden.
[2025-12-14 16:29:13.392] [global] [warning] [resolve_binary.cc:46] is_regular_file check failed for for C:\Users\jensv\AppData\Local\trunk\tools\trufflehog\3.92.3-1cfbe64db1a40343dc16e8ce20c499f6/bin\python3 // 3:Het systeem kan het opgegeven pad niet vinden.
[2025-12-14 16:29:13.392] [global] [warning] [resolve_binary.cc:46] is_regular_file check failed for for C:\Users\jensv\AppData\Local\trunk\tools\trufflehog\3.92.3-1cfbe64db1a40343dc16e8ce20c499f6/bin\python3.exe // 3:Het systeem kan het opgegeven pad niet vinden.
[2025-12-14 16:29:13.392] [global] [warning] [resolve_binary.cc:46] is_regular_file check failed for for C:\Users\jensv\AppData\Local\trunk\tools\trufflehog\3.92.3-1cfbe64db1a40343dc16e8ce20c499f6/Scripts\python3.bat // 3:Het systeem kan het opgegeven pad niet vinden.
[2025-12-14 16:29:13.392] [global] [warning] [resolve_binary.cc:46] is_regular_file check failed for for C:\Users\jensv\AppData\Local\trunk\tools\trufflehog\3.92.3-1cfbe64db1a40343dc16e8ce20c499f6/Scripts\python3 // 3:Het systeem kan het opgegeven pad niet vinden.
[2025-12-14 16:29:13.392] [global] [warning] [resolve_binary.cc:46] is_regular_file check failed for for C:\Users\jensv\AppData\Local\trunk\tools\trufflehog\3.92.3-1cfbe64db1a40343dc16e8ce20c499f6/Scripts\python3.exe // 3:Het systeem kan het opgegeven pad niet vinden.
[2025-12-14 16:29:13.392] [global] [warning] [resolve_binary.cc:46] is_regular_file check failed for for C:\Users\jensv\AppData\Local\trunk\tools\python\3.10.8-2211cb108575de2785d77a26a1f8d070/bin\python3.bat // 3:Het systeem kan het opgegeven pad niet vinden.
[2025-12-14 16:29:13.392] [global] [warning] [resolve_binary.cc:46] is_regular_file check failed for for C:\Users\jensv\AppData\Local\trunk\tools\python\3.10.8-2211cb108575de2785d77a26a1f8d070/bin\python3 // 3:Het systeem kan het opgegeven pad niet vinden.
[2025-12-14 16:29:13.392] [global] [warning] [resolve_binary.cc:46] is_regular_file check failed for for C:\Users\jensv\AppData\Local\trunk\tools\python\3.10.8-2211cb108575de2785d77a26a1f8d070/bin\python3.exe // 3:Het systeem kan het opgegeven pad niet vinden.
[2025-12-14 16:29:13.656] [global] [info] [cache.cc:1117] [monitor] [trufflehog:lint:android\app\.gitignore... (44 files):HEAD] Linter ran in 1899ms
[2025-12-14 16:29:14.515] [global] [warning] [resolve_binary.cc:46] is_regular_file check failed for for C:\Users\jensv\AppData\Local\trunk\tools\trufflehog\3.92.3-1cfbe64db1a40343dc16e8ce20c499f6/bin\python3.bat // 3:Het systeem kan het opgegeven pad niet vinden.
[2025-12-14 16:29:14.515] [global] [warning] [resolve_binary.cc:46] is_regular_file check failed for for C:\Users\jensv\AppData\Local\trunk\tools\trufflehog\3.92.3-1cfbe64db1a40343dc16e8ce20c499f6/bin\python3 // 3:Het systeem kan het opgegeven pad niet vinden.
[2025-12-14 16:29:14.515] [global] [warning] [resolve_binary.cc:46] is_regular_file check failed for for C:\Users\jensv\AppData\Local\trunk\tools\trufflehog\3.92.3-1cfbe64db1a40343dc16e8ce20c499f6/bin\python3.exe // 3:Het systeem kan het opgegeven pad niet vinden.
[2025-12-14 16:29:14.515] [global] [warning] [resolve_binary.cc:46] is_regular_file check failed for for C:\Users\jensv\AppData\Local\trunk\tools\trufflehog\3.92.3-1cfbe64db1a40343dc16e8ce20c499f6/Scripts\python3.bat // 3:Het systeem kan het opgegeven pad niet vinden.
[2025-12-14 16:29:14.515] [global] [warning] [resolve_binary.cc:46] is_regular_file check failed for for C:\Users\jensv\AppData\Local\trunk\tools\trufflehog\3.92.3-1cfbe64db1a40343dc16e8ce20c499f6/Scripts\python3 // 3:Het systeem kan het opgegeven pad niet vinden.
[2025-12-14 16:29:14.515] [global] [warning] [resolve_binary.cc:46] is_regular_file check failed for for C:\Users\jensv\AppData\Local\trunk\tools\trufflehog\3.92.3-1cfbe64db1a40343dc16e8ce20c499f6/Scripts\python3.exe // 3:Het systeem kan het opgegeven pad niet vinden.
[2025-12-14 16:29:14.515] [global] [warning] [resolve_binary.cc:46] is_regular_file check failed for for C:\Users\jensv\AppData\Local\trunk\tools\python\3.10.8-2211cb108575de2785d77a26a1f8d070/bin\python3.bat // 3:Het systeem kan het opgegeven pad niet vinden.
[2025-12-14 16:29:14.515] [global] [warning] [resolve_binary.cc:46] is_regular_file check failed for for C:\Users\jensv\AppData\Local\trunk\tools\python\3.10.8-2211cb108575de2785d77a26a1f8d070/bin\python3 // 3:Het systeem kan het opgegeven pad niet vinden.
[2025-12-14 16:29:14.515] [global] [warning] [resolve_binary.cc:46] is_regular_file check failed for for C:\Users\jensv\AppData\Local\trunk\tools\python\3.10.8-2211cb108575de2785d77a26a1f8d070/bin\python3.exe // 3:Het systeem kan het opgegeven pad niet vinden.
[2025-12-14 16:29:14.571] [global] [info] [cache.cc:1117] [monitor] [trufflehog:lint:android\build_log_44.txt:HEAD] Linter ran in 1286ms
[2025-12-14 16:29:24.858] [global] [info] [git_source_control.cc:517] Computing merge base between 78539538ca4282c1f3cf42d3584b97e73bdedeb7 and 78539538ca4282c1f3cf42d3584b97e73bdedeb7
[2025-12-14 16:29:24.858] [global] [info] [git_source_control.cc:519] Resolved divergent commit as 78539538ca4282c1f3cf42d3584b97e73bdedeb7
[2025-12-14 16:34:16.610] [global] [info] [git_source_control.cc:517] Computing merge base between 78539538ca4282c1f3cf42d3584b97e73bdedeb7 and 78539538ca4282c1f3cf42d3584b97e73bdedeb7
[2025-12-14 16:34:16.611] [global] [info] [git_source_control.cc:519] Resolved divergent commit as 78539538ca4282c1f3cf42d3584b97e73bdedeb7
[2025-12-14 16:34:16.681] [global] [info] [cache.cc:974] [monitor] [trufflehog:lint:src\App.css:HEAD] running linter (cache-key:60633643dcb53d5bdf83b12f4ab5fb3b)
[2025-12-14 16:34:17.977] [global] [warning] [resolve_binary.cc:46] is_regular_file check failed for for C:\Users\jensv\AppData\Local\trunk\tools\trufflehog\3.92.3-1cfbe64db1a40343dc16e8ce20c499f6/bin\python3.bat // 3:Het systeem kan het opgegeven pad niet vinden.
[2025-12-14 16:34:17.977] [global] [warning] [resolve_binary.cc:46] is_regular_file check failed for for C:\Users\jensv\AppData\Local\trunk\tools\trufflehog\3.92.3-1cfbe64db1a40343dc16e8ce20c499f6/bin\python3 // 3:Het systeem kan het opgegeven pad niet vinden.
[2025-12-14 16:34:17.977] [global] [warning] [resolve_binary.cc:46] is_regular_file check failed for for C:\Users\jensv\AppData\Local\trunk\tools\trufflehog\3.92.3-1cfbe64db1a40343dc16e8ce20c499f6/bin\python3.exe // 3:Het systeem kan het opgegeven pad niet vinden.
[2025-12-14 16:34:17.978] [global] [warning] [resolve_binary.cc:46] is_regular_file check failed for for C:\Users\jensv\AppData\Local\trunk\tools\trufflehog\3.92.3-1cfbe64db1a40343dc16e8ce20c499f6/Scripts\python3.bat // 3:Het systeem kan het opgegeven pad niet vinden.
[2025-12-14 16:34:17.978] [global] [warning] [resolve_binary.cc:46] is_regular_file check failed for for C:\Users\jensv\AppData\Local\trunk\tools\trufflehog\3.92.3-1cfbe64db1a40343dc16e8ce20c499f6/Scripts\python3 // 3:Het systeem kan het opgegeven pad niet vinden.
[2025-12-14 16:34:17.978] [global] [warning] [resolve_binary.cc:46] is_regular_file check failed for for C:\Users\jensv\AppData\Local\trunk\tools\trufflehog\3.92.3-1cfbe64db1a40343dc16e8ce20c499f6/Scripts\python3.exe // 3:Het systeem kan het opgegeven pad niet vinden.
[2025-12-14 16:34:17.978] [global] [warning] [resolve_binary.cc:46] is_regular_file check failed for for C:\Users\jensv\AppData\Local\trunk\tools\python\3.10.8-2211cb108575de2785d77a26a1f8d070/bin\python3.bat // 3:Het systeem kan het opgegeven pad niet vinden.
[2025-12-14 16:34:17.978] [global] [warning] [resolve_binary.cc:46] is_regular_file check failed for for C:\Users\jensv\AppData\Local\trunk\tools\python\3.10.8-2211cb108575de2785d77a26a1f8d070/bin\python3 // 3:Het systeem kan het opgegeven pad niet vinden.
[2025-12-14 16:34:17.978] [global] [warning] [resolve_binary.cc:46] is_regular_file check failed for for C:\Users\jensv\AppData\Local\trunk\tools\python\3.10.8-2211cb108575de2785d77a26a1f8d070/bin\python3.exe // 3:Het systeem kan het opgegeven pad niet vinden.
[2025-12-14 16:34:18.043] [global] [info] [cache.cc:1117] [monitor] [trufflehog:lint:src\App.css:HEAD] Linter ran in 1359ms
[2025-12-14 16:38:08.501] [global] [info] [git_source_control.cc:517] Computing merge base between 78539538ca4282c1f3cf42d3584b97e73bdedeb7 and 78539538ca4282c1f3cf42d3584b97e73bdedeb7
[2025-12-14 16:38:08.501] [global] [info] [git_source_control.cc:519] Resolved divergent commit as 78539538ca4282c1f3cf42d3584b97e73bdedeb7
[2025-12-14 16:38:08.545] [global] [info] [cache.cc:974] [monitor] [trufflehog:lint:supabase\functions\process-ai-command\index.ts:HEAD] running linter (cache-key:f59594dfbff793200614175f2caa2ba1)
[2025-12-14 16:38:09.831] [global] [warning] [resolve_binary.cc:46] is_regular_file check failed for for C:\Users\jensv\AppData\Local\trunk\tools\trufflehog\3.92.3-1cfbe64db1a40343dc16e8ce20c499f6/bin\python3.bat // 3:Het systeem kan het opgegeven pad niet vinden.
[2025-12-14 16:38:09.831] [global] [warning] [resolve_binary.cc:46] is_regular_file check failed for for C:\Users\jensv\AppData\Local\trunk\tools\trufflehog\3.92.3-1cfbe64db1a40343dc16e8ce20c499f6/bin\python3 // 3:Het systeem kan het opgegeven pad niet vinden.
[2025-12-14 16:38:09.831] [global] [warning] [resolve_binary.cc:46] is_regular_file check failed for for C:\Users\jensv\AppData\Local\trunk\tools\trufflehog\3.92.3-1cfbe64db1a40343dc16e8ce20c499f6/bin\python3.exe // 3:Het systeem kan het opgegeven pad niet vinden.
[2025-12-14 16:38:09.831] [global] [warning] [resolve_binary.cc:46] is_regular_file check failed for for C:\Users\jensv\AppData\Local\trunk\tools\trufflehog\3.92.3-1cfbe64db1a40343dc16e8ce20c499f6/Scripts\python3.bat // 3:Het systeem kan het opgegeven pad niet vinden.
[2025-12-14 16:38:09.831] [global] [warning] [resolve_binary.cc:46] is_regular_file check failed for for C:\Users\jensv\AppData\Local\trunk\tools\trufflehog\3.92.3-1cfbe64db1a40343dc16e8ce20c499f6/Scripts\python3 // 3:Het systeem kan het opgegeven pad niet vinden.
[2025-12-14 16:38:09.831] [global] [warning] [resolve_binary.cc:46] is_regular_file check failed for for C:\Users\jensv\AppData\Local\trunk\tools\trufflehog\3.92.3-1cfbe64db1a40343dc16e8ce20c499f6/Scripts\python3.exe // 3:Het systeem kan het opgegeven pad niet vinden.
[2025-12-14 16:38:09.831] [global] [warning] [resolve_binary.cc:46] is_regular_file check failed for for C:\Users\jensv\AppData\Local\trunk\tools\python\3.10.8-2211cb108575de2785d77a26a1f8d070/bin\python3.bat // 3:Het systeem kan het opgegeven pad niet vinden.
[2025-12-14 16:38:09.831] [global] [warning] [resolve_binary.cc:46] is_regular_file check failed for for C:\Users\jensv\AppData\Local\trunk\tools\python\3.10.8-2211cb108575de2785d77a26a1f8d070/bin\python3 // 3:Het systeem kan het opgegeven pad niet vinden.
[2025-12-14 16:38:09.831] [global] [warning] [resolve_binary.cc:46] is_regular_file check failed for for C:\Users\jensv\AppData\Local\trunk\tools\python\3.10.8-2211cb108575de2785d77a26a1f8d070/bin\python3.exe // 3:Het systeem kan het opgegeven pad niet vinden.
[2025-12-14 16:38:09.903] [global] [info] [cache.cc:1117] [monitor] [trufflehog:lint:supabase\functions\process-ai-command\index.ts:HEAD] Linter ran in 1355ms
[2025-12-14 16:38:55.048] [global] [info] [git_source_control.cc:517] Computing merge base between 78539538ca4282c1f3cf42d3584b97e73bdedeb7 and 78539538ca4282c1f3cf42d3584b97e73bdedeb7
[2025-12-14 16:38:55.048] [global] [info] [git_source_control.cc:519] Resolved divergent commit as 78539538ca4282c1f3cf42d3584b97e73bdedeb7
[2025-12-14 16:38:55.095] [global] [info] [cache.cc:974] [monitor] [trufflehog:lint:supabase\functions\process-ai-command\index.ts:HEAD] running linter (cache-key:c5dcaf1ce3f9f62d66315fa0abdfcdeb)
[2025-12-14 16:38:56.216] [global] [warning] [resolve_binary.cc:46] is_regular_file check failed for for C:\Users\jensv\AppData\Local\trunk\tools\trufflehog\3.92.3-1cfbe64db1a40343dc16e8ce20c499f6/bin\python3.bat // 3:Het systeem kan het opgegeven pad niet vinden.
[2025-12-14 16:38:56.216] [global] [warning] [resolve_binary.cc:46] is_regular_file check failed for for C:\Users\jensv\AppData\Local\trunk\tools\trufflehog\3.92.3-1cfbe64db1a40343dc16e8ce20c499f6/bin\python3 // 3:Het systeem kan het opgegeven pad niet vinden.
[2025-12-14 16:38:56.216] [global] [warning] [resolve_binary.cc:46] is_regular_file check failed for for C:\Users\jensv\AppData\Local\trunk\tools\trufflehog\3.92.3-1cfbe64db1a40343dc16e8ce20c499f6/bin\python3.exe // 3:Het systeem kan het opgegeven pad niet vinden.
[2025-12-14 16:38:56.216] [global] [warning] [resolve_binary.cc:46] is_regular_file check failed for for C:\Users\jensv\AppData\Local\trunk\tools\trufflehog\3.92.3-1cfbe64db1a40343dc16e8ce20c499f6/Scripts\python3.bat // 3:Het systeem kan het opgegeven pad niet vinden.
[2025-12-14 16:38:56.216] [global] [warning] [resolve_binary.cc:46] is_regular_file check failed for for C:\Users\jensv\AppData\Local\trunk\tools\trufflehog\3.92.3-1cfbe64db1a40343dc16e8ce20c499f6/Scripts\python3 // 3:Het systeem kan het opgegeven pad niet vinden.
[2025-12-14 16:38:56.216] [global] [warning] [resolve_binary.cc:46] is_regular_file check failed for for C:\Users\jensv\AppData\Local\trunk\tools\trufflehog\3.92.3-1cfbe64db1a40343dc16e8ce20c499f6/Scripts\python3.exe // 3:Het systeem kan het opgegeven pad niet vinden.
[2025-12-14 16:38:56.216] [global] [warning] [resolve_binary.cc:46] is_regular_file check failed for for C:\Users\jensv\AppData\Local\trunk\tools\python\3.10.8-2211cb108575de2785d77a26a1f8d070/bin\python3.bat // 3:Het systeem kan het opgegeven pad niet vinden.
[2025-12-14 16:38:56.216] [global] [warning] [resolve_binary.cc:46] is_regular_file check failed for for C:\Users\jensv\AppData\Local\trunk\tools\python\3.10.8-2211cb108575de2785d77a26a1f8d070/bin\python3 // 3:Het systeem kan het opgegeven pad niet vinden.
[2025-12-14 16:38:56.216] [global] [warning] [resolve_binary.cc:46] is_regular_file check failed for for C:\Users\jensv\AppData\Local\trunk\tools\python\3.10.8-2211cb108575de2785d77a26a1f8d070/bin\python3.exe // 3:Het systeem kan het opgegeven pad niet vinden.
[2025-12-14 16:38:56.267] [global] [info] [cache.cc:1117] [monitor] [trufflehog:lint:supabase\functions\process-ai-command\index.ts:HEAD] Linter ran in 1169ms
[2025-12-14 16:39:50.426] [global] [info] [git_source_control.cc:517] Computing merge base between 78539538ca4282c1f3cf42d3584b97e73bdedeb7 and 78539538ca4282c1f3cf42d3584b97e73bdedeb7
[2025-12-14 16:39:50.426] [global] [info] [git_source_control.cc:519] Resolved divergent commit as 78539538ca4282c1f3cf42d3584b97e73bdedeb7
[2025-12-14 16:39:50.461] [global] [info] [cache.cc:974] [monitor] [trufflehog:lint:src\components\AIChat.tsx:HEAD] running linter (cache-key:00d39d2a4617c1df8fd2123c5e5aaaa4)
[2025-12-14 16:39:51.826] [global] [warning] [resolve_binary.cc:46] is_regular_file check failed for for C:\Users\jensv\AppData\Local\trunk\tools\trufflehog\3.92.3-1cfbe64db1a40343dc16e8ce20c499f6/bin\python3.bat // 3:Het systeem kan het opgegeven pad niet vinden.
[2025-12-14 16:39:51.826] [global] [warning] [resolve_binary.cc:46] is_regular_file check failed for for C:\Users\jensv\AppData\Local\trunk\tools\trufflehog\3.92.3-1cfbe64db1a40343dc16e8ce20c499f6/bin\python3 // 3:Het systeem kan het opgegeven pad niet vinden.
[2025-12-14 16:39:51.826] [global] [warning] [resolve_binary.cc:46] is_regular_file check failed for for C:\Users\jensv\AppData\Local\trunk\tools\trufflehog\3.92.3-1cfbe64db1a40343dc16e8ce20c499f6/bin\python3.exe // 3:Het systeem kan het opgegeven pad niet vinden.
[2025-12-14 16:39:51.826] [global] [warning] [resolve_binary.cc:46] is_regular_file check failed for for C:\Users\jensv\AppData\Local\trunk\tools\trufflehog\3.92.3-1cfbe64db1a40343dc16e8ce20c499f6/Scripts\python3.bat // 3:Het systeem kan het opgegeven pad niet vinden.
[2025-12-14 16:39:51.826] [global] [warning] [resolve_binary.cc:46] is_regular_file check failed for for C:\Users\jensv\AppData\Local\trunk\tools\trufflehog\3.92.3-1cfbe64db1a40343dc16e8ce20c499f6/Scripts\python3 // 3:Het systeem kan het opgegeven pad niet vinden.
[2025-12-14 16:39:51.826] [global] [warning] [resolve_binary.cc:46] is_regular_file check failed for for C:\Users\jensv\AppData\Local\trunk\tools\trufflehog\3.92.3-1cfbe64db1a40343dc16e8ce20c499f6/Scripts\python3.exe // 3:Het systeem kan het opgegeven pad niet vinden.
[2025-12-14 16:39:51.826] [global] [warning] [resolve_binary.cc:46] is_regular_file check failed for for C:\Users\jensv\AppData\Local\trunk\tools\python\3.10.8-2211cb108575de2785d77a26a1f8d070/bin\python3.bat // 3:Het systeem kan het opgegeven pad niet vinden.
[2025-12-14 16:39:51.826] [global] [warning] [resolve_binary.cc:46] is_regular_file check failed for for C:\Users\jensv\AppData\Local\trunk\tools\python\3.10.8-2211cb108575de2785d77a26a1f8d070/bin\python3 // 3:Het systeem kan het opgegeven pad niet vinden.
[2025-12-14 16:39:51.826] [global] [warning] [resolve_binary.cc:46] is_regular_file check failed for for C:\Users\jensv\AppData\Local\trunk\tools\python\3.10.8-2211cb108575de2785d77a26a1f8d070/bin\python3.exe // 3:Het systeem kan het opgegeven pad niet vinden.
[2025-12-14 16:39:51.897] [global] [info] [cache.cc:1117] [monitor] [trufflehog:lint:src\components\AIChat.tsx:HEAD] Linter ran in 1434ms
[2025-12-14 16:40:14.832] [global] [info] [git_source_control.cc:517] Computing merge base between 78539538ca4282c1f3cf42d3584b97e73bdedeb7 and 78539538ca4282c1f3cf42d3584b97e73bdedeb7
[2025-12-14 16:40:14.832] [global] [info] [git_source_control.cc:519] Resolved divergent commit as 78539538ca4282c1f3cf42d3584b97e73bdedeb7
[2025-12-14 16:40:14.915] [global] [info] [cache.cc:934] [monitor] [trufflehog:lint:src\App.js:HEAD] already cached, not running linter
[2025-12-14 16:40:14.915] [global] [info] [cache.cc:974] [monitor] [trufflehog:lint:src\components\AIChat.js:HEAD] running linter (cache-key:0cf2ead1670a1156b469c56be12ec412)
[2025-12-14 16:40:14.916] [global] [info] [cache.cc:934] [monitor] [trufflehog:lint:src\components\Auth.js:HEAD] already cached, not running linter
[2025-12-14 16:40:14.917] [global] [info] [cache.cc:934] [monitor] [trufflehog:lint:src\components\ConnectionSetup.js:HEAD] already cached, not running linter
[2025-12-14 16:40:14.917] [global] [info] [cache.cc:934] [monitor] [trufflehog:lint:src\components\ConnectionTester.js:HEAD] already cached, not running linter
[2025-12-14 16:40:14.918] [global] [info] [cache.cc:934] [monitor] [trufflehog:lint:src\components\Dashboard.js:HEAD] already cached, not running linter
[2025-12-14 16:40:14.919] [global] [info] [cache.cc:934] [monitor] [trufflehog:lint:src\components\ManualControls.js:HEAD] already cached, not running linter
[2025-12-14 16:40:14.919] [global] [info] [cache.cc:934] [monitor] [trufflehog:lint:src\components\RoomManager.js:HEAD] already cached, not running linter
[2025-12-14 16:40:14.920] [global] [info] [cache.cc:934] [monitor] [trufflehog:lint:src\lib\AppContext.js:HEAD] already cached, not running linter
[2025-12-14 16:40:14.921] [global] [info] [cache.cc:934] [monitor] [trufflehog:lint:src\lib\supabase.js:HEAD] already cached, not running linter
[2025-12-14 16:40:14.921] [global] [info] [cache.cc:934] [monitor] [trufflehog:lint:src\main.js:HEAD] already cached, not running linter
[2025-12-14 16:40:14.922] [global] [info] [cache.cc:934] [monitor] [trufflehog:lint:src\types\index.js:HEAD] already cached, not running linter
[2025-12-14 16:40:14.923] [global] [info] [cache.cc:934] [monitor] [trufflehog:lint:src\utils\auth.js:HEAD] already cached, not running linter
[2025-12-14 16:40:14.923] [global] [info] [cache.cc:934] [monitor] [trufflehog:lint:src\utils\ha-api.js:HEAD] already cached, not running linter
[2025-12-14 16:40:14.924] [global] [info] [cache.cc:934] [monitor] [trufflehog:lint:src\utils\ha-websocket.js:HEAD] already cached, not running linter
[2025-12-14 16:40:14.925] [global] [info] [cache.cc:934] [monitor] [trufflehog:lint:src\utils\home-assistant.js:HEAD] already cached, not running linter
[2025-12-14 16:40:16.404] [global] [warning] [resolve_binary.cc:46] is_regular_file check failed for for C:\Users\jensv\AppData\Local\trunk\tools\trufflehog\3.92.3-1cfbe64db1a40343dc16e8ce20c499f6/bin\python3.bat // 3:Het systeem kan het opgegeven pad niet vinden.
[2025-12-14 16:40:16.404] [global] [info] [git_source_control.cc:517] Computing merge base between 78539538ca4282c1f3cf42d3584b97e73bdedeb7 and 78539538ca4282c1f3cf42d3584b97e73bdedeb7
[2025-12-14 16:40:16.404] [global] [info] [git_source_control.cc:519] Resolved divergent commit as 78539538ca4282c1f3cf42d3584b97e73bdedeb7
[2025-12-14 16:40:16.404] [global] [warning] [resolve_binary.cc:46] is_regular_file check failed for for C:\Users\jensv\AppData\Local\trunk\tools\trufflehog\3.92.3-1cfbe64db1a40343dc16e8ce20c499f6/bin\python3 // 3:Het systeem kan het opgegeven pad niet vinden.
[2025-12-14 16:40:16.404] [global] [warning] [resolve_binary.cc:46] is_regular_file check failed for for C:\Users\jensv\AppData\Local\trunk\tools\trufflehog\3.92.3-1cfbe64db1a40343dc16e8ce20c499f6/bin\python3.exe // 3:Het systeem kan het opgegeven pad niet vinden.
[2025-12-14 16:40:16.405] [global] [warning] [resolve_binary.cc:46] is_regular_file check failed for for C:\Users\jensv\AppData\Local\trunk\tools\trufflehog\3.92.3-1cfbe64db1a40343dc16e8ce20c499f6/Scripts\python3.bat // 3:Het systeem kan het opgegeven pad niet vinden.
[2025-12-14 16:40:16.405] [global] [warning] [resolve_binary.cc:46] is_regular_file check failed for for C:\Users\jensv\AppData\Local\trunk\tools\trufflehog\3.92.3-1cfbe64db1a40343dc16e8ce20c499f6/Scripts\python3 // 3:Het systeem kan het opgegeven pad niet vinden.
[2025-12-14 16:40:16.405] [global] [warning] [resolve_binary.cc:46] is_regular_file check failed for for C:\Users\jensv\AppData\Local\trunk\tools\trufflehog\3.92.3-1cfbe64db1a40343dc16e8ce20c499f6/Scripts\python3.exe // 3:Het systeem kan het opgegeven pad niet vinden.
[2025-12-14 16:40:16.405] [global] [warning] [resolve_binary.cc:46] is_regular_file check failed for for C:\Users\jensv\AppData\Local\trunk\tools\python\3.10.8-2211cb108575de2785d77a26a1f8d070/bin\python3.bat // 3:Het systeem kan het opgegeven pad niet vinden.
[2025-12-14 16:40:16.405] [global] [warning] [resolve_binary.cc:46] is_regular_file check failed for for C:\Users\jensv\AppData\Local\trunk\tools\python\3.10.8-2211cb108575de2785d77a26a1f8d070/bin\python3 // 3:Het systeem kan het opgegeven pad niet vinden.
[2025-12-14 16:40:16.405] [global] [warning] [resolve_binary.cc:46] is_regular_file check failed for for C:\Users\jensv\AppData\Local\trunk\tools\python\3.10.8-2211cb108575de2785d77a26a1f8d070/bin\python3.exe // 3:Het systeem kan het opgegeven pad niet vinden.
[2025-12-14 16:40:16.465] [global] [info] [cache.cc:1117] [monitor] [trufflehog:lint:src\App.js... (16 files):HEAD] Linter ran in 1517ms
[2025-12-14 16:40:16.487] [global] [info] [cache.cc:974] [monitor] [trufflehog:lint:dist\assets\index-CPLViTOb.js:HEAD] running linter (cache-key:2d6d850138f3acae100a168083106c11)
[2025-12-14 16:40:16.487] [global] [info] [cache.cc:974] [monitor] [trufflehog:lint:dist\assets\index-DHf6Ow_B.css:HEAD] running linter (cache-key:90a869c58238ccfca7a9237b40bc683d)
[2025-12-14 16:40:16.487] [global] [info] [cache.cc:974] [monitor] [trufflehog:lint:dist\assets\web-C9vLphQk.js:HEAD] running linter (cache-key:56bfd15f14d26253f2942f13e54c5b80)
[2025-12-14 16:40:16.488] [global] [info] [cache.cc:974] [monitor] [trufflehog:lint:dist\assets\web-CjDKRKrd.js:HEAD] running linter (cache-key:dc2f0ee8a265bd1b6fef4b56e79809c9)
[2025-12-14 16:40:16.488] [global] [info] [cache.cc:974] [monitor] [trufflehog:lint:dist\assets\web-Gedcaq4Z.js:HEAD] running linter (cache-key:52f69c60eba28d1ebfb97892a6277200)
[2025-12-14 16:40:16.488] [global] [info] [cache.cc:974] [monitor] [trufflehog:lint:dist\index.html:HEAD] running linter (cache-key:ae080cb8d03fb7be93a1525f760b0242)
[2025-12-14 16:40:16.488] [global] [info] [cache.cc:934] [monitor] [trufflehog:lint:dist\manifest.json:HEAD] already cached, not running linter
[2025-12-14 16:40:16.489] [global] [info] [cache.cc:934] [monitor] [trufflehog:lint:dist\sw.js:HEAD] already cached, not running linter
[2025-12-14 16:40:17.821] [global] [info] [git_source_control.cc:517] Computing merge base between 78539538ca4282c1f3cf42d3584b97e73bdedeb7 and 78539538ca4282c1f3cf42d3584b97e73bdedeb7
[2025-12-14 16:40:17.821] [global] [info] [git_source_control.cc:519] Resolved divergent commit as 78539538ca4282c1f3cf42d3584b97e73bdedeb7
[2025-12-14 16:40:17.982] [global] [warning] [resolve_binary.cc:46] is_regular_file check failed for for C:\Users\jensv\AppData\Local\trunk\tools\trufflehog\3.92.3-1cfbe64db1a40343dc16e8ce20c499f6/bin\python3.bat // 3:Het systeem kan het opgegeven pad niet vinden.
[2025-12-14 16:40:17.982] [global] [warning] [resolve_binary.cc:46] is_regular_file check failed for for C:\Users\jensv\AppData\Local\trunk\tools\trufflehog\3.92.3-1cfbe64db1a40343dc16e8ce20c499f6/bin\python3 // 3:Het systeem kan het opgegeven pad niet vinden.
[2025-12-14 16:40:17.982] [global] [warning] [resolve_binary.cc:46] is_regular_file check failed for for C:\Users\jensv\AppData\Local\trunk\tools\trufflehog\3.92.3-1cfbe64db1a40343dc16e8ce20c499f6/bin\python3.exe // 3:Het systeem kan het opgegeven pad niet vinden.
[2025-12-14 16:40:17.982] [global] [warning] [resolve_binary.cc:46] is_regular_file check failed for for C:\Users\jensv\AppData\Local\trunk\tools\trufflehog\3.92.3-1cfbe64db1a40343dc16e8ce20c499f6/Scripts\python3.bat // 3:Het systeem kan het opgegeven pad niet vinden.
[2025-12-14 16:40:17.982] [global] [warning] [resolve_binary.cc:46] is_regular_file check failed for for C:\Users\jensv\AppData\Local\trunk\tools\trufflehog\3.92.3-1cfbe64db1a40343dc16e8ce20c499f6/Scripts\python3 // 3:Het systeem kan het opgegeven pad niet vinden.
[2025-12-14 16:40:17.982] [global] [warning] [resolve_binary.cc:46] is_regular_file check failed for for C:\Users\jensv\AppData\Local\trunk\tools\trufflehog\3.92.3-1cfbe64db1a40343dc16e8ce20c499f6/Scripts\python3.exe // 3:Het systeem kan het opgegeven pad niet vinden.
[2025-12-14 16:40:17.982] [global] [warning] [resolve_binary.cc:46] is_regular_file check failed for for C:\Users\jensv\AppData\Local\trunk\tools\python\3.10.8-2211cb108575de2785d77a26a1f8d070/bin\python3.bat // 3:Het systeem kan het opgegeven pad niet vinden.
[2025-12-14 16:40:17.982] [global] [warning] [resolve_binary.cc:46] is_regular_file check failed for for C:\Users\jensv\AppData\Local\trunk\tools\python\3.10.8-2211cb108575de2785d77a26a1f8d070/bin\python3 // 3:Het systeem kan het opgegeven pad niet vinden.
[2025-12-14 16:40:17.982] [global] [warning] [resolve_binary.cc:46] is_regular_file check failed for for C:\Users\jensv\AppData\Local\trunk\tools\python\3.10.8-2211cb108575de2785d77a26a1f8d070/bin\python3.exe // 3:Het systeem kan het opgegeven pad niet vinden.
[2025-12-14 16:40:18.048] [global] [info] [cache.cc:1117] [monitor] [trufflehog:lint:dist\assets\index-CPLViTOb.js... (8 files):HEAD] Linter ran in 1498ms
[2025-12-14 16:40:18.280] [global] [info] [cache.cc:934] [monitor] [trufflehog:lint:android\.gitignore:HEAD] already cached, not running linter
[2025-12-14 16:40:18.280] [global] [info] [cache.cc:934] [monitor] [trufflehog:lint:android\.idea\.gitignore:HEAD] already cached, not running linter
[2025-12-14 16:40:18.281] [global] [info] [cache.cc:934] [monitor] [trufflehog:lint:android\.idea\AndroidProjectSystem.xml:HEAD] already cached, not running linter
[2025-12-14 16:40:18.281] [global] [info] [cache.cc:934] [monitor] [trufflehog:lint:android\.idea\compiler.xml:HEAD] already cached, not running linter
[2025-12-14 16:40:18.282] [global] [info] [cache.cc:934] [monitor] [trufflehog:lint:android\.idea\deploymentTargetSelector.xml:HEAD] already cached, not running linter
[2025-12-14 16:40:18.283] [global] [info] [cache.cc:934] [monitor] [trufflehog:lint:android\build_log_23.txt:HEAD] already cached, not running linter
[2025-12-14 16:40:18.283] [global] [info] [cache.cc:934] [monitor] [trufflehog:lint:android\.idea\migrations.xml:HEAD] already cached, not running linter
[2025-12-14 16:40:18.283] [global] [info] [cache.cc:934] [monitor] [trufflehog:lint:android\build_log_24.txt:HEAD] already cached, not running linter
[2025-12-14 16:40:18.284] [global] [info] [cache.cc:934] [monitor] [trufflehog:lint:android\.idea\misc.xml:HEAD] already cached, not running linter
[2025-12-14 16:40:18.284] [global] [info] [cache.cc:934] [monitor] [trufflehog:lint:android\build_log_25.txt:HEAD] already cached, not running linter
[2025-12-14 16:40:18.285] [global] [info] [cache.cc:934] [monitor] [trufflehog:lint:android\.idea\runConfigurations.xml:HEAD] already cached, not running linter
[2025-12-14 16:40:18.285] [global] [info] [cache.cc:934] [monitor] [trufflehog:lint:android\build_log_26.txt:HEAD] already cached, not running linter
[2025-12-14 16:40:18.286] [global] [info] [cache.cc:934] [monitor] [trufflehog:lint:android\app\.gitignore:HEAD] already cached, not running linter
[2025-12-14 16:40:18.286] [global] [info] [cache.cc:934] [monitor] [trufflehog:lint:android\build_log_28.txt:HEAD] already cached, not running linter
[2025-12-14 16:40:18.287] [global] [info] [cache.cc:934] [monitor] [trufflehog:lint:android\app\build.gradle:HEAD] already cached, not running linter
[2025-12-14 16:40:18.287] [global] [info] [cache.cc:934] [monitor] [trufflehog:lint:android\build_log_29.txt:HEAD] already cached, not running linter
[2025-12-14 16:40:18.288] [global] [info] [cache.cc:939] Unable to deserialize [monitor] [trufflehog:lint:android\app\capacitor.build.gradle:HEAD], removing from cache
[2025-12-14 16:40:18.288] [global] [info] [cache.cc:934] [monitor] [trufflehog:lint:android\build_log_3.txt:HEAD] already cached, not running linter
[2025-12-14 16:40:18.289] [global] [info] [cache.cc:974] [monitor] [trufflehog:lint:android\app\capacitor.build.gradle:HEAD] running linter (cache-key:2840b3593f64ab25f7efbc569bc3cfd1)
[2025-12-14 16:40:18.289] [global] [info] [cache.cc:934] [monitor] [trufflehog:lint:android\build_log_30.txt:HEAD] already cached, not running linter
[2025-12-14 16:40:18.290] [global] [info] [cache.cc:934] [monitor] [trufflehog:lint:android\app\proguard-rules.pro:HEAD] already cached, not running linter
[2025-12-14 16:40:18.290] [global] [info] [cache.cc:934] [monitor] [trufflehog:lint:android\build_log_31.txt:HEAD] already cached, not running linter
[2025-12-14 16:40:18.290] [global] [info] [cache.cc:934] [monitor] [trufflehog:lint:android\app\src\androidTest\java\com\getcapacitor\myapp\ExampleInstrumentedTest.java:HEAD] already cached, not running linter
[2025-12-14 16:40:18.291] [global] [info] [cache.cc:934] [monitor] [trufflehog:lint:android\build_log_33.txt:HEAD] already cached, not running linter
[2025-12-14 16:40:18.292] [global] [info] [cache.cc:934] [monitor] [trufflehog:lint:android\app\src\main\AndroidManifest.xml:HEAD] already cached, not running linter
[2025-12-14 16:40:18.292] [global] [info] [cache.cc:934] [monitor] [trufflehog:lint:android\build_log_34.txt:HEAD] already cached, not running linter
[2025-12-14 16:40:18.293] [global] [info] [cache.cc:934] [monitor] [trufflehog:lint:android\app\src\main\java\com\aiha\app\MainActivity.java:HEAD] already cached, not running linter
[2025-12-14 16:40:18.293] [global] [info] [cache.cc:934] [monitor] [trufflehog:lint:android\build_log_35.txt:HEAD] already cached, not running linter
[2025-12-14 16:40:18.294] [global] [info] [cache.cc:934] [monitor] [trufflehog:lint:android\app\src\main\res\drawable\ic_launcher_background.xml:HEAD] already cached, not running linter
[2025-12-14 16:40:18.294] [global] [info] [cache.cc:934] [monitor] [trufflehog:lint:android\build_log_36.txt:HEAD] already cached, not running linter
[2025-12-14 16:40:18.294] [global] [info] [cache.cc:934] [monitor] [trufflehog:lint:android\app\src\main\res\drawable\splash.png:HEAD] already cached, not running linter
[2025-12-14 16:40:18.295] [global] [info] [cache.cc:934] [monitor] [trufflehog:lint:android\build_log_37.txt:HEAD] already cached, not running linter
[2025-12-14 16:40:18.296] [global] [info] [cache.cc:934] [monitor] [trufflehog:lint:android\app\src\main\res\drawable-land-hdpi\splash.png:HEAD] already cached, not running linter
[2025-12-14 16:40:18.296] [global] [info] [cache.cc:939] Unable to deserialize [monitor] [trufflehog:lint:android\build_log_38.txt:HEAD], removing from cache
[2025-12-14 16:40:18.297] [global] [info] [cache.cc:934] [monitor] [trufflehog:lint:android\app\src\main\res\drawable-land-mdpi\splash.png:HEAD] already cached, not running linter
[2025-12-14 16:40:18.297] [global] [info] [cache.cc:974] [monitor] [trufflehog:lint:android\build_log_38.txt:HEAD] running linter (cache-key:8d449869ff2b4fd7222a300d4653f89e)
[2025-12-14 16:40:18.297] [global] [info] [cache.cc:934] [monitor] [trufflehog:lint:android\app\src\main\res\drawable-land-xhdpi\splash.png:HEAD] already cached, not running linter
[2025-12-14 16:40:18.297] [global] [info] [cache.cc:939] Unable to deserialize [monitor] [trufflehog:lint:android\build_log_39.txt:HEAD], removing from cache
[2025-12-14 16:40:18.298] [global] [info] [cache.cc:934] [monitor] [trufflehog:lint:android\app\src\main\res\drawable-land-xxhdpi\splash.png:HEAD] already cached, not running linter
[2025-12-14 16:40:18.298] [global] [info] [cache.cc:974] [monitor] [trufflehog:lint:android\build_log_39.txt:HEAD] running linter (cache-key:0a0a8cab8491e69b748c03ad257a2a8a)
[2025-12-14 16:40:18.299] [global] [info] [cache.cc:934] [monitor] [trufflehog:lint:android\app\src\main\res\drawable-land-xxxhdpi\splash.png:HEAD] already cached, not running linter
[2025-12-14 16:40:18.299] [global] [info] [cache.cc:934] [monitor] [trufflehog:lint:android\build_log_4.txt:HEAD] already cached, not running linter
[2025-12-14 16:40:18.300] [global] [info] [cache.cc:934] [monitor] [trufflehog:lint:android\app\src\main\res\drawable-port-hdpi\splash.png:HEAD] already cached, not running linter
[2025-12-14 16:40:18.300] [global] [info] [cache.cc:939] Unable to deserialize [monitor] [trufflehog:lint:android\build_log_40.txt:HEAD], removing from cache
[2025-12-14 16:40:18.301] [global] [info] [cache.cc:934] [monitor] [trufflehog:lint:android\app\src\main\res\drawable-port-mdpi\splash.png:HEAD] already cached, not running linter
[2025-12-14 16:40:18.301] [global] [info] [cache.cc:974] [monitor] [trufflehog:lint:android\build_log_40.txt:HEAD] running linter (cache-key:4e2e5c51014068ed203d1272b75e381b)
[2025-12-14 16:40:18.301] [global] [info] [cache.cc:934] [monitor] [trufflehog:lint:android\app\src\main\res\drawable-port-xhdpi\splash.png:HEAD] already cached, not running linter
[2025-12-14 16:40:18.302] [global] [info] [cache.cc:939] Unable to deserialize [monitor] [trufflehog:lint:android\build_log_41.txt:HEAD], removing from cache
[2025-12-14 16:40:18.303] [global] [info] [cache.cc:934] [monitor] [trufflehog:lint:android\app\src\main\res\drawable-port-xxhdpi\splash.png:HEAD] already cached, not running linter
[2025-12-14 16:40:18.303] [global] [info] [cache.cc:974] [monitor] [trufflehog:lint:android\build_log_41.txt:HEAD] running linter (cache-key:feb710fc96922d2e58473c2194ceb9bd)
[2025-12-14 16:40:18.303] [global] [info] [cache.cc:934] [monitor] [trufflehog:lint:android\app\src\main\res\drawable-port-xxxhdpi\splash.png:HEAD] already cached, not running linter
[2025-12-14 16:40:18.304] [global] [info] [cache.cc:934] [monitor] [trufflehog:lint:android\build_log_42.txt:HEAD] already cached, not running linter
[2025-12-14 16:40:18.304] [global] [info] [cache.cc:934] [monitor] [trufflehog:lint:android\app\src\main\res\drawable-v24\ic_launcher_foreground.xml:HEAD] already cached, not running linter
[2025-12-14 16:40:18.305] [global] [info] [cache.cc:934] [monitor] [trufflehog:lint:android\build_log_43.txt:HEAD] already cached, not running linter
[2025-12-14 16:40:18.306] [global] [info] [cache.cc:934] [monitor] [trufflehog:lint:android\app\src\main\res\layout\activity_main.xml:HEAD] already cached, not running linter
[2025-12-14 16:40:18.306] [global] [info] [cache.cc:934] [monitor] [trufflehog:lint:android\build_log_44.txt:HEAD] already cached, not running linter
[2025-12-14 16:40:18.307] [global] [info] [cache.cc:974] [monitor] [trufflehog:lint:android\build_log_46.txt:HEAD] running linter (cache-key:3f10f956613a4eafadf526d9728d1351)
[2025-12-14 16:40:18.307] [global] [info] [cache.cc:934] [monitor] [trufflehog:lint:android\app\src\main\res\mipmap-anydpi-v26\ic_launcher.xml:HEAD] already cached, not running linter
[2025-12-14 16:40:18.307] [global] [info] [cache.cc:934] [monitor] [trufflehog:lint:android\build_log_5.txt:HEAD] already cached, not running linter
[2025-12-14 16:40:18.308] [global] [info] [cache.cc:934] [monitor] [trufflehog:lint:android\app\src\main\res\mipmap-anydpi-v26\ic_launcher_round.xml:HEAD] already cached, not running linter
[2025-12-14 16:40:18.309] [global] [info] [cache.cc:934] [monitor] [trufflehog:lint:android\build_log_6.txt:HEAD] already cached, not running linter
[2025-12-14 16:40:18.309] [global] [info] [cache.cc:934] [monitor] [trufflehog:lint:android\app\src\main\res\mipmap-hdpi\ic_launcher.png:HEAD] already cached, not running linter
[2025-12-14 16:40:18.310] [global] [info] [cache.cc:934] [monitor] [trufflehog:lint:android\build_log_7.txt:HEAD] already cached, not running linter
[2025-12-14 16:40:18.310] [global] [info] [cache.cc:934] [monitor] [trufflehog:lint:android\app\src\main\res\mipmap-hdpi\ic_launcher_foreground.png:HEAD] already cached, not running linter
[2025-12-14 16:40:18.311] [global] [info] [cache.cc:934] [monitor] [trufflehog:lint:android\build_log_8.txt:HEAD] already cached, not running linter
[2025-12-14 16:40:18.312] [global] [info] [cache.cc:934] [monitor] [trufflehog:lint:android\app\src\main\res\mipmap-hdpi\ic_launcher_round.png:HEAD] already cached, not running linter
[2025-12-14 16:40:18.312] [global] [info] [cache.cc:934] [monitor] [trufflehog:lint:android\build_log_9.txt:HEAD] already cached, not running linter
[2025-12-14 16:40:18.313] [global] [info] [cache.cc:934] [monitor] [trufflehog:lint:android\app\src\main\res\mipmap-mdpi\ic_launcher.png:HEAD] already cached, not running linter
[2025-12-14 16:40:18.313] [global] [info] [cache.cc:939] Unable to deserialize [monitor] [trufflehog:lint:android\capacitor.settings.gradle:HEAD], removing from cache
[2025-12-14 16:40:18.313] [global] [info] [cache.cc:934] [monitor] [trufflehog:lint:android\app\src\main\res\mipmap-mdpi\ic_launcher_foreground.png:HEAD] already cached, not running linter
[2025-12-14 16:40:18.314] [global] [info] [cache.cc:974] [monitor] [trufflehog:lint:android\capacitor.settings.gradle:HEAD] running linter (cache-key:9276f214acf447b9f700709689f085ab)
[2025-12-14 16:40:18.314] [global] [info] [cache.cc:934] [monitor] [trufflehog:lint:android\app\src\main\res\mipmap-mdpi\ic_launcher_round.png:HEAD] already cached, not running linter
[2025-12-14 16:40:18.315] [global] [info] [cache.cc:934] [monitor] [trufflehog:lint:android\gradle\wrapper\gradle-wrapper.jar:HEAD] already cached, not running linter
[2025-12-14 16:40:18.315] [global] [info] [cache.cc:934] [monitor] [trufflehog:lint:android\app\src\main\res\mipmap-xhdpi\ic_launcher.png:HEAD] already cached, not running linter
[2025-12-14 16:40:18.316] [global] [info] [cache.cc:934] [monitor] [trufflehog:lint:android\gradle\wrapper\gradle-wrapper.properties:HEAD] already cached, not running linter
[2025-12-14 16:40:18.316] [global] [info] [cache.cc:934] [monitor] [trufflehog:lint:android\app\src\main\res\mipmap-xhdpi\ic_launcher_foreground.png:HEAD] already cached, not running linter
[2025-12-14 16:40:18.317] [global] [info] [cache.cc:934] [monitor] [trufflehog:lint:android\gradle.properties:HEAD] already cached, not running linter
[2025-12-14 16:40:18.317] [global] [info] [cache.cc:934] [monitor] [trufflehog:lint:android\app\src\main\res\mipmap-xhdpi\ic_launcher_round.png:HEAD] already cached, not running linter
[2025-12-14 16:40:18.317] [global] [info] [cache.cc:934] [monitor] [trufflehog:lint:android\gradlew:HEAD] already cached, not running linter
[2025-12-14 16:40:18.318] [global] [info] [cache.cc:934] [monitor] [trufflehog:lint:android\app\src\main\res\mipmap-xxhdpi\ic_launcher.png:HEAD] already cached, not running linter
[2025-12-14 16:40:18.318] [global] [info] [cache.cc:934] [monitor] [trufflehog:lint:android\gradlew.bat:HEAD] already cached, not running linter
[2025-12-14 16:40:18.319] [global] [info] [cache.cc:934] [monitor] [trufflehog:lint:android\app\src\main\res\mipmap-xxhdpi\ic_launcher_foreground.png:HEAD] already cached, not running linter
[2025-12-14 16:40:18.319] [global] [info] [cache.cc:939] Unable to deserialize [monitor] [trufflehog:lint:android\settings.gradle:HEAD], removing from cache
[2025-12-14 16:40:18.320] [global] [info] [cache.cc:934] [monitor] [trufflehog:lint:android\app\src\main\res\mipmap-xxhdpi\ic_launcher_round.png:HEAD] already cached, not running linter
[2025-12-14 16:40:18.320] [global] [info] [cache.cc:974] [monitor] [trufflehog:lint:android\settings.gradle:HEAD] running linter (cache-key:f13060afa644fdd15e22cf6aadfb4ee8)
[2025-12-14 16:40:18.321] [global] [info] [cache.cc:934] [monitor] [trufflehog:lint:android\app\src\main\res\mipmap-xxxhdpi\ic_launcher.png:HEAD] already cached, not running linter
[2025-12-14 16:40:18.321] [global] [info] [cache.cc:934] [monitor] [trufflehog:lint:android\variables.gradle:HEAD] already cached, not running linter
[2025-12-14 16:40:18.321] [global] [info] [cache.cc:934] [monitor] [trufflehog:lint:android\app\src\main\res\mipmap-xxxhdpi\ic_launcher_foreground.png:HEAD] already cached, not running linter
[2025-12-14 16:40:18.322] [global] [info] [cache.cc:934] [monitor] [trufflehog:lint:android\app\src\main\res\mipmap-xxxhdpi\ic_launcher_round.png:HEAD] already cached, not running linter
[2025-12-14 16:40:18.322] [global] [info] [cache.cc:934] [monitor] [trufflehog:lint:android\app\src\main\res\values\ic_launcher_background.xml:HEAD] already cached, not running linter
[2025-12-14 16:40:18.323] [global] [info] [cache.cc:934] [monitor] [trufflehog:lint:android\app\src\main\res\values\strings.xml:HEAD] already cached, not running linter
[2025-12-14 16:40:18.323] [global] [info] [cache.cc:934] [monitor] [trufflehog:lint:android\app\src\main\res\values\styles.xml:HEAD] already cached, not running linter
[2025-12-14 16:40:18.323] [global] [info] [cache.cc:934] [monitor] [trufflehog:lint:android\app\src\main\res\xml\file_paths.xml:HEAD] already cached, not running linter
[2025-12-14 16:40:18.324] [global] [info] [cache.cc:934] [monitor] [trufflehog:lint:android\app\src\test\java\com\getcapacitor\myapp\ExampleUnitTest.java:HEAD] already cached, not running linter
[2025-12-14 16:40:18.324] [global] [info] [cache.cc:934] [monitor] [trufflehog:lint:android\build.gradle:HEAD] already cached, not running linter
[2025-12-14 16:40:18.325] [global] [info] [cache.cc:934] [monitor] [trufflehog:lint:android\build_log.txt:HEAD] already cached, not running linter
[2025-12-14 16:40:18.326] [global] [info] [cache.cc:934] [monitor] [trufflehog:lint:android\build_log_10.txt:HEAD] already cached, not running linter
[2025-12-14 16:40:18.326] [global] [info] [cache.cc:934] [monitor] [trufflehog:lint:android\build_log_12.txt:HEAD] already cached, not running linter
[2025-12-14 16:40:18.327] [global] [info] [cache.cc:934] [monitor] [trufflehog:lint:android\build_log_13.txt:HEAD] already cached, not running linter
[2025-12-14 16:40:18.327] [global] [info] [cache.cc:934] [monitor] [trufflehog:lint:android\build_log_15.txt:HEAD] already cached, not running linter
[2025-12-14 16:40:18.328] [global] [info] [cache.cc:934] [monitor] [trufflehog:lint:android\build_log_17.txt:HEAD] already cached, not running linter
[2025-12-14 16:40:18.328] [global] [info] [cache.cc:934] [monitor] [trufflehog:lint:android\build_log_18.txt:HEAD] already cached, not running linter
[2025-12-14 16:40:18.329] [global] [info] [cache.cc:934] [monitor] [trufflehog:lint:android\build_log_19.txt:HEAD] already cached, not running linter
[2025-12-14 16:40:18.329] [global] [info] [cache.cc:934] [monitor] [trufflehog:lint:android\build_log_2.txt:HEAD] already cached, not running linter
[2025-12-14 16:40:18.330] [global] [info] [cache.cc:934] [monitor] [trufflehog:lint:android\build_log_20.txt:HEAD] already cached, not running linter
[2025-12-14 16:40:18.331] [global] [info] [cache.cc:934] [monitor] [trufflehog:lint:android\build_log_21.txt:HEAD] already cached, not running linter
[2025-12-14 16:40:18.331] [global] [info] [cache.cc:934] [monitor] [trufflehog:lint:android\build_log_22.txt:HEAD] already cached, not running linter
[2025-12-14 16:40:19.237] [global] [info] [git_source_control.cc:517] Computing merge base between 78539538ca4282c1f3cf42d3584b97e73bdedeb7 and 78539538ca4282c1f3cf42d3584b97e73bdedeb7
[2025-12-14 16:40:19.237] [global] [info] [git_source_control.cc:519] Resolved divergent commit as 78539538ca4282c1f3cf42d3584b97e73bdedeb7
[2025-12-14 16:40:19.960] [global] [warning] [resolve_binary.cc:46] is_regular_file check failed for for C:\Users\jensv\AppData\Local\trunk\tools\trufflehog\3.92.3-1cfbe64db1a40343dc16e8ce20c499f6/bin\python3.bat // 3:Het systeem kan het opgegeven pad niet vinden.
[2025-12-14 16:40:19.960] [global] [warning] [resolve_binary.cc:46] is_regular_file check failed for for C:\Users\jensv\AppData\Local\trunk\tools\trufflehog\3.92.3-1cfbe64db1a40343dc16e8ce20c499f6/bin\python3 // 3:Het systeem kan het opgegeven pad niet vinden.
[2025-12-14 16:40:19.960] [global] [warning] [resolve_binary.cc:46] is_regular_file check failed for for C:\Users\jensv\AppData\Local\trunk\tools\trufflehog\3.92.3-1cfbe64db1a40343dc16e8ce20c499f6/bin\python3.exe // 3:Het systeem kan het opgegeven pad niet vinden.
[2025-12-14 16:40:19.960] [global] [warning] [resolve_binary.cc:46] is_regular_file check failed for for C:\Users\jensv\AppData\Local\trunk\tools\trufflehog\3.92.3-1cfbe64db1a40343dc16e8ce20c499f6/Scripts\python3.bat // 3:Het systeem kan het opgegeven pad niet vinden.
[2025-12-14 16:40:19.960] [global] [warning] [resolve_binary.cc:46] is_regular_file check failed for for C:\Users\jensv\AppData\Local\trunk\tools\trufflehog\3.92.3-1cfbe64db1a40343dc16e8ce20c499f6/Scripts\python3 // 3:Het systeem kan het opgegeven pad niet vinden.
[2025-12-14 16:40:19.960] [global] [warning] [resolve_binary.cc:46] is_regular_file check failed for for C:\Users\jensv\AppData\Local\trunk\tools\trufflehog\3.92.3-1cfbe64db1a40343dc16e8ce20c499f6/Scripts\python3.exe // 3:Het systeem kan het opgegeven pad niet vinden.
[2025-12-14 16:40:19.960] [global] [warning] [resolve_binary.cc:46] is_regular_file check failed for for C:\Users\jensv\AppData\Local\trunk\tools\python\3.10.8-2211cb108575de2785d77a26a1f8d070/bin\python3.bat // 3:Het systeem kan het opgegeven pad niet vinden.
[2025-12-14 16:40:19.960] [global] [warning] [resolve_binary.cc:46] is_regular_file check failed for for C:\Users\jensv\AppData\Local\trunk\tools\python\3.10.8-2211cb108575de2785d77a26a1f8d070/bin\python3 // 3:Het systeem kan het opgegeven pad niet vinden.
[2025-12-14 16:40:19.960] [global] [warning] [resolve_binary.cc:46] is_regular_file check failed for for C:\Users\jensv\AppData\Local\trunk\tools\python\3.10.8-2211cb108575de2785d77a26a1f8d070/bin\python3.exe // 3:Het systeem kan het opgegeven pad niet vinden.
[2025-12-14 16:40:19.962] [global] [warning] [resolve_binary.cc:46] is_regular_file check failed for for C:\Users\jensv\AppData\Local\trunk\tools\trufflehog\3.92.3-1cfbe64db1a40343dc16e8ce20c499f6/bin\python3.bat // 3:Het systeem kan het opgegeven pad niet vinden.
[2025-12-14 16:40:19.962] [global] [warning] [resolve_binary.cc:46] is_regular_file check failed for for C:\Users\jensv\AppData\Local\trunk\tools\trufflehog\3.92.3-1cfbe64db1a40343dc16e8ce20c499f6/bin\python3 // 3:Het systeem kan het opgegeven pad niet vinden.
[2025-12-14 16:40:19.962] [global] [warning] [resolve_binary.cc:46] is_regular_file check failed for for C:\Users\jensv\AppData\Local\trunk\tools\trufflehog\3.92.3-1cfbe64db1a40343dc16e8ce20c499f6/bin\python3.exe // 3:Het systeem kan het opgegeven pad niet vinden.
[2025-12-14 16:40:19.962] [global] [warning] [resolve_binary.cc:46] is_regular_file check failed for for C:\Users\jensv\AppData\Local\trunk\tools\trufflehog\3.92.3-1cfbe64db1a40343dc16e8ce20c499f6/Scripts\python3.bat // 3:Het systeem kan het opgegeven pad niet vinden.
[2025-12-14 16:40:19.962] [global] [warning] [resolve_binary.cc:46] is_regular_file check failed for for C:\Users\jensv\AppData\Local\trunk\tools\trufflehog\3.92.3-1cfbe64db1a40343dc16e8ce20c499f6/Scripts\python3 // 3:Het systeem kan het opgegeven pad niet vinden.
[2025-12-14 16:40:19.962] [global] [warning] [resolve_binary.cc:46] is_regular_file check failed for for C:\Users\jensv\AppData\Local\trunk\tools\trufflehog\3.92.3-1cfbe64db1a40343dc16e8ce20c499f6/Scripts\python3.exe // 3:Het systeem kan het opgegeven pad niet vinden.
[2025-12-14 16:40:19.962] [global] [warning] [resolve_binary.cc:46] is_regular_file check failed for for C:\Users\jensv\AppData\Local\trunk\tools\python\3.10.8-2211cb108575de2785d77a26a1f8d070/bin\python3.bat // 3:Het systeem kan het opgegeven pad niet vinden.
[2025-12-14 16:40:19.962] [global] [warning] [resolve_binary.cc:46] is_regular_file check failed for for C:\Users\jensv\AppData\Local\trunk\tools\python\3.10.8-2211cb108575de2785d77a26a1f8d070/bin\python3 // 3:Het systeem kan het opgegeven pad niet vinden.
[2025-12-14 16:40:19.962] [global] [warning] [resolve_binary.cc:46] is_regular_file check failed for for C:\Users\jensv\AppData\Local\trunk\tools\python\3.10.8-2211cb108575de2785d77a26a1f8d070/bin\python3.exe // 3:Het systeem kan het opgegeven pad niet vinden.
[2025-12-14 16:40:20.033] [global] [info] [cache.cc:1117] [monitor] [trufflehog:lint:android\.gitignore... (64 files):HEAD] Linter ran in 1700ms
[2025-12-14 16:40:20.033] [global] [info] [cache.cc:1117] [monitor] [trufflehog:lint:android\build_log_23.txt... (36 files):HEAD] Linter ran in 1705ms
[2025-12-14 16:40:22.127] [global] [info] [windows_monitor_impl.cc:153] monitor ReadDirectoryChangesW overflowed, recrawling
[2025-12-14 16:40:26.089] [global] [info] [git_source_control.cc:517] Computing merge base between 78539538ca4282c1f3cf42d3584b97e73bdedeb7 and 78539538ca4282c1f3cf42d3584b97e73bdedeb7
[2025-12-14 16:40:26.089] [global] [info] [git_source_control.cc:519] Resolved divergent commit as 78539538ca4282c1f3cf42d3584b97e73bdedeb7
[2025-12-14 16:40:26.272] [global] [info] [cache.cc:934] [monitor] [trufflehog:lint:android\app\.gitignore:HEAD] already cached, not running linter
[2025-12-14 16:40:26.272] [global] [info] [cache.cc:934] [monitor] [trufflehog:lint:android\app\build.gradle:HEAD] already cached, not running linter
[2025-12-14 16:40:26.273] [global] [info] [cache.cc:934] [monitor] [trufflehog:lint:android\app\capacitor.build.gradle:HEAD] already cached, not running linter
[2025-12-14 16:40:26.273] [global] [info] [cache.cc:934] [monitor] [trufflehog:lint:android\app\proguard-rules.pro:HEAD] already cached, not running linter
[2025-12-14 16:40:26.273] [global] [info] [cache.cc:934] [monitor] [trufflehog:lint:android\app\src\androidTest\java\com\getcapacitor\myapp\ExampleInstrumentedTest.java:HEAD] already cached, not running linter
[2025-12-14 16:40:26.274] [global] [info] [cache.cc:934] [monitor] [trufflehog:lint:android\app\src\main\AndroidManifest.xml:HEAD] already cached, not running linter
[2025-12-14 16:40:26.274] [global] [info] [cache.cc:934] [monitor] [trufflehog:lint:android\app\src\main\java\com\aiha\app\MainActivity.java:HEAD] already cached, not running linter
[2025-12-14 16:40:26.275] [global] [info] [cache.cc:934] [monitor] [trufflehog:lint:android\app\src\main\res\drawable\ic_launcher_background.xml:HEAD] already cached, not running linter
[2025-12-14 16:40:26.275] [global] [info] [cache.cc:934] [monitor] [trufflehog:lint:android\app\src\main\res\drawable\splash.png:HEAD] already cached, not running linter
[2025-12-14 16:40:26.276] [global] [info] [cache.cc:934] [monitor] [trufflehog:lint:android\app\src\main\res\drawable-land-hdpi\splash.png:HEAD] already cached, not running linter
[2025-12-14 16:40:26.276] [global] [info] [cache.cc:934] [monitor] [trufflehog:lint:android\app\src\main\res\drawable-land-mdpi\splash.png:HEAD] already cached, not running linter
[2025-12-14 16:40:26.278] [global] [info] [cache.cc:934] [monitor] [trufflehog:lint:android\app\src\main\res\drawable-land-xhdpi\splash.png:HEAD] already cached, not running linter
[2025-12-14 16:40:26.278] [global] [info] [cache.cc:934] [monitor] [trufflehog:lint:android\app\src\main\res\drawable-land-xxhdpi\splash.png:HEAD] already cached, not running linter
[2025-12-14 16:40:26.282] [global] [info] [cache.cc:934] [monitor] [trufflehog:lint:android\app\src\main\res\drawable-land-xxxhdpi\splash.png:HEAD] already cached, not running linter
[2025-12-14 16:40:26.283] [global] [info] [cache.cc:934] [monitor] [trufflehog:lint:android\app\src\main\res\drawable-port-hdpi\splash.png:HEAD] already cached, not running linter
[2025-12-14 16:40:26.283] [global] [info] [cache.cc:934] [monitor] [trufflehog:lint:android\app\src\main\res\drawable-port-mdpi\splash.png:HEAD] already cached, not running linter
[2025-12-14 16:40:26.284] [global] [info] [cache.cc:934] [monitor] [trufflehog:lint:android\app\src\main\res\drawable-port-xhdpi\splash.png:HEAD] already cached, not running linter
[2025-12-14 16:40:26.284] [global] [info] [cache.cc:934] [monitor] [trufflehog:lint:android\app\src\main\res\drawable-port-xxhdpi\splash.png:HEAD] already cached, not running linter
[2025-12-14 16:40:26.285] [global] [info] [cache.cc:934] [monitor] [trufflehog:lint:android\app\src\main\res\drawable-port-xxxhdpi\splash.png:HEAD] already cached, not running linter
[2025-12-14 16:40:26.285] [global] [info] [cache.cc:934] [monitor] [trufflehog:lint:android\app\src\main\res\drawable-v24\ic_launcher_foreground.xml:HEAD] already cached, not running linter
[2025-12-14 16:40:26.285] [global] [info] [cache.cc:934] [monitor] [trufflehog:lint:android\app\src\main\res\layout\activity_main.xml:HEAD] already cached, not running linter
[2025-12-14 16:40:26.286] [global] [info] [cache.cc:934] [monitor] [trufflehog:lint:android\app\src\main\res\mipmap-anydpi-v26\ic_launcher.xml:HEAD] already cached, not running linter
[2025-12-14 16:40:26.286] [global] [info] [cache.cc:934] [monitor] [trufflehog:lint:android\app\src\main\res\mipmap-anydpi-v26\ic_launcher_round.xml:HEAD] already cached, not running linter
[2025-12-14 16:40:26.287] [global] [info] [cache.cc:934] [monitor] [trufflehog:lint:android\app\src\main\res\mipmap-hdpi\ic_launcher.png:HEAD] already cached, not running linter
[2025-12-14 16:40:26.287] [global] [info] [cache.cc:934] [monitor] [trufflehog:lint:android\app\src\main\res\mipmap-hdpi\ic_launcher_foreground.png:HEAD] already cached, not running linter
[2025-12-14 16:40:26.288] [global] [info] [cache.cc:934] [monitor] [trufflehog:lint:android\app\src\main\res\mipmap-hdpi\ic_launcher_round.png:HEAD] already cached, not running linter
[2025-12-14 16:40:26.288] [global] [info] [cache.cc:934] [monitor] [trufflehog:lint:android\app\src\main\res\mipmap-mdpi\ic_launcher.png:HEAD] already cached, not running linter
[2025-12-14 16:40:26.288] [global] [info] [cache.cc:934] [monitor] [trufflehog:lint:android\app\src\main\res\mipmap-mdpi\ic_launcher_foreground.png:HEAD] already cached, not running linter
[2025-12-14 16:40:26.288] [global] [info] [cache.cc:934] [monitor] [trufflehog:lint:android\app\src\main\res\mipmap-mdpi\ic_launcher_round.png:HEAD] already cached, not running linter
[2025-12-14 16:40:26.289] [global] [info] [cache.cc:934] [monitor] [trufflehog:lint:android\app\src\main\res\mipmap-xhdpi\ic_launcher.png:HEAD] already cached, not running linter
[2025-12-14 16:40:26.289] [global] [info] [cache.cc:934] [monitor] [trufflehog:lint:android\app\src\main\res\mipmap-xhdpi\ic_launcher_foreground.png:HEAD] already cached, not running linter
[2025-12-14 16:40:26.290] [global] [info] [cache.cc:934] [monitor] [trufflehog:lint:android\app\src\main\res\mipmap-xhdpi\ic_launcher_round.png:HEAD] already cached, not running linter
[2025-12-14 16:40:26.290] [global] [info] [cache.cc:934] [monitor] [trufflehog:lint:android\app\src\main\res\mipmap-xxhdpi\ic_launcher.png:HEAD] already cached, not running linter
[2025-12-14 16:40:26.290] [global] [info] [cache.cc:934] [monitor] [trufflehog:lint:android\app\src\main\res\mipmap-xxhdpi\ic_launcher_foreground.png:HEAD] already cached, not running linter
[2025-12-14 16:40:26.291] [global] [info] [cache.cc:934] [monitor] [trufflehog:lint:android\app\src\main\res\mipmap-xxhdpi\ic_launcher_round.png:HEAD] already cached, not running linter
[2025-12-14 16:40:26.291] [global] [info] [cache.cc:934] [monitor] [trufflehog:lint:android\app\src\main\res\mipmap-xxxhdpi\ic_launcher.png:HEAD] already cached, not running linter
[2025-12-14 16:40:26.291] [global] [info] [cache.cc:934] [monitor] [trufflehog:lint:android\app\src\main\res\mipmap-xxxhdpi\ic_launcher_foreground.png:HEAD] already cached, not running linter
[2025-12-14 16:40:26.292] [global] [info] [cache.cc:934] [monitor] [trufflehog:lint:android\app\src\main\res\mipmap-xxxhdpi\ic_launcher_round.png:HEAD] already cached, not running linter
[2025-12-14 16:40:26.292] [global] [info] [cache.cc:934] [monitor] [trufflehog:lint:android\app\src\main\res\values\ic_launcher_background.xml:HEAD] already cached, not running linter
[2025-12-14 16:40:26.293] [global] [info] [cache.cc:934] [monitor] [trufflehog:lint:android\app\src\main\res\values\strings.xml:HEAD] already cached, not running linter
[2025-12-14 16:40:26.293] [global] [info] [cache.cc:934] [monitor] [trufflehog:lint:android\app\src\main\res\values\styles.xml:HEAD] already cached, not running linter
[2025-12-14 16:40:26.294] [global] [info] [cache.cc:934] [monitor] [trufflehog:lint:android\app\src\main\res\xml\file_paths.xml:HEAD] already cached, not running linter
[2025-12-14 16:40:26.294] [global] [info] [cache.cc:934] [monitor] [trufflehog:lint:android\app\src\test\java\com\getcapacitor\myapp\ExampleUnitTest.java:HEAD] already cached, not running linter
[2025-12-14 16:40:26.294] [global] [info] [cache.cc:974] [monitor] [trufflehog:lint:android\build_log_46.txt:HEAD] running linter (cache-key:66a38b1a10cb4eef56c5d63a9e6333de)
[2025-12-14 16:40:27.833] [global] [info] [git_source_control.cc:517] Computing merge base between 78539538ca4282c1f3cf42d3584b97e73bdedeb7 and 78539538ca4282c1f3cf42d3584b97e73bdedeb7
[2025-12-14 16:40:27.833] [global] [info] [git_source_control.cc:519] Resolved divergent commit as 78539538ca4282c1f3cf42d3584b97e73bdedeb7
[2025-12-14 16:40:27.919] [global] [info] [cache.cc:974] [monitor] [trufflehog:lint:android\build_log_46.txt:HEAD] running linter (cache-key:9be8e3e2aebd21e95f3cf0fccc88d2e4)
[2025-12-14 16:40:28.670] [global] [warning] [resolve_binary.cc:46] is_regular_file check failed for for C:\Users\jensv\AppData\Local\trunk\tools\trufflehog\3.92.3-1cfbe64db1a40343dc16e8ce20c499f6/bin\python3.bat // 3:Het systeem kan het opgegeven pad niet vinden.
[2025-12-14 16:40:28.670] [global] [warning] [resolve_binary.cc:46] is_regular_file check failed for for C:\Users\jensv\AppData\Local\trunk\tools\trufflehog\3.92.3-1cfbe64db1a40343dc16e8ce20c499f6/bin\python3 // 3:Het systeem kan het opgegeven pad niet vinden.
[2025-12-14 16:40:28.670] [global] [warning] [resolve_binary.cc:46] is_regular_file check failed for for C:\Users\jensv\AppData\Local\trunk\tools\trufflehog\3.92.3-1cfbe64db1a40343dc16e8ce20c499f6/bin\python3.exe // 3:Het systeem kan het opgegeven pad niet vinden.
[2025-12-14 16:40:28.670] [global] [warning] [resolve_binary.cc:46] is_regular_file check failed for for C:\Users\jensv\AppData\Local\trunk\tools\trufflehog\3.92.3-1cfbe64db1a40343dc16e8ce20c499f6/Scripts\python3.bat // 3:Het systeem kan het opgegeven pad niet vinden.
[2025-12-14 16:40:28.670] [global] [warning] [resolve_binary.cc:46] is_regular_file check failed for for C:\Users\jensv\AppData\Local\trunk\tools\trufflehog\3.92.3-1cfbe64db1a40343dc16e8ce20c499f6/Scripts\python3 // 3:Het systeem kan het opgegeven pad niet vinden.
[2025-12-14 16:40:28.670] [global] [warning] [resolve_binary.cc:46] is_regular_file check failed for for C:\Users\jensv\AppData\Local\trunk\tools\trufflehog\3.92.3-1cfbe64db1a40343dc16e8ce20c499f6/Scripts\python3.exe // 3:Het systeem kan het opgegeven pad niet vinden.
[2025-12-14 16:40:28.670] [global] [warning] [resolve_binary.cc:46] is_regular_file check failed for for C:\Users\jensv\AppData\Local\trunk\tools\python\3.10.8-2211cb108575de2785d77a26a1f8d070/bin\python3.bat // 3:Het systeem kan het opgegeven pad niet vinden.
[2025-12-14 16:40:28.671] [global] [warning] [resolve_binary.cc:46] is_regular_file check failed for for C:\Users\jensv\AppData\Local\trunk\tools\python\3.10.8-2211cb108575de2785d77a26a1f8d070/bin\python3 // 3:Het systeem kan het opgegeven pad niet vinden.
[2025-12-14 16:40:28.671] [global] [warning] [resolve_binary.cc:46] is_regular_file check failed for for C:\Users\jensv\AppData\Local\trunk\tools\python\3.10.8-2211cb108575de2785d77a26a1f8d070/bin\python3.exe // 3:Het systeem kan het opgegeven pad niet vinden.
[2025-12-14 16:40:28.835] [global] [info] [cache.cc:1117] [monitor] [trufflehog:lint:android\app\.gitignore... (44 files):HEAD] Linter ran in 2538ms
[2025-12-14 16:40:29.966] [global] [warning] [resolve_binary.cc:46] is_regular_file check failed for for C:\Users\jensv\AppData\Local\trunk\tools\trufflehog\3.92.3-1cfbe64db1a40343dc16e8ce20c499f6/bin\python3.bat // 3:Het systeem kan het opgegeven pad niet vinden.
[2025-12-14 16:40:29.966] [global] [warning] [resolve_binary.cc:46] is_regular_file check failed for for C:\Users\jensv\AppData\Local\trunk\tools\trufflehog\3.92.3-1cfbe64db1a40343dc16e8ce20c499f6/bin\python3 // 3:Het systeem kan het opgegeven pad niet vinden.
[2025-12-14 16:40:29.966] [global] [warning] [resolve_binary.cc:46] is_regular_file check failed for for C:\Users\jensv\AppData\Local\trunk\tools\trufflehog\3.92.3-1cfbe64db1a40343dc16e8ce20c499f6/bin\python3.exe // 3:Het systeem kan het opgegeven pad niet vinden.
[2025-12-14 16:40:29.966] [global] [warning] [resolve_binary.cc:46] is_regular_file check failed for for C:\Users\jensv\AppData\Local\trunk\tools\trufflehog\3.92.3-1cfbe64db1a40343dc16e8ce20c499f6/Scripts\python3.bat // 3:Het systeem kan het opgegeven pad niet vinden.
[2025-12-14 16:40:29.966] [global] [warning] [resolve_binary.cc:46] is_regular_file check failed for for C:\Users\jensv\AppData\Local\trunk\tools\trufflehog\3.92.3-1cfbe64db1a40343dc16e8ce20c499f6/Scripts\python3 // 3:Het systeem kan het opgegeven pad niet vinden.
[2025-12-14 16:40:29.966] [global] [warning] [resolve_binary.cc:46] is_regular_file check failed for for C:\Users\jensv\AppData\Local\trunk\tools\trufflehog\3.92.3-1cfbe64db1a40343dc16e8ce20c499f6/Scripts\python3.exe // 3:Het systeem kan het opgegeven pad niet vinden.
[2025-12-14 16:40:29.966] [global] [warning] [resolve_binary.cc:46] is_regular_file check failed for for C:\Users\jensv\AppData\Local\trunk\tools\python\3.10.8-2211cb108575de2785d77a26a1f8d070/bin\python3.bat // 3:Het systeem kan het opgegeven pad niet vinden.
[2025-12-14 16:40:29.966] [global] [warning] [resolve_binary.cc:46] is_regular_file check failed for for C:\Users\jensv\AppData\Local\trunk\tools\python\3.10.8-2211cb108575de2785d77a26a1f8d070/bin\python3 // 3:Het systeem kan het opgegeven pad niet vinden.
[2025-12-14 16:40:29.966] [global] [warning] [resolve_binary.cc:46] is_regular_file check failed for for C:\Users\jensv\AppData\Local\trunk\tools\python\3.10.8-2211cb108575de2785d77a26a1f8d070/bin\python3.exe // 3:Het systeem kan het opgegeven pad niet vinden.
[2025-12-14 16:40:30.031] [global] [info] [cache.cc:1117] [monitor] [trufflehog:lint:android\build_log_46.txt:HEAD] Linter ran in 2109ms
[2025-12-14 16:49:49.970] [global] [info] [git_source_control.cc:517] Computing merge base between 78539538ca4282c1f3cf42d3584b97e73bdedeb7 and 78539538ca4282c1f3cf42d3584b97e73bdedeb7
[2025-12-14 16:49:49.971] [global] [info] [git_source_control.cc:519] Resolved divergent commit as 78539538ca4282c1f3cf42d3584b97e73bdedeb7
[2025-12-14 16:49:51.517] [global] [info] [git_source_control.cc:517] Computing merge base between 78539538ca4282c1f3cf42d3584b97e73bdedeb7 and 78539538ca4282c1f3cf42d3584b97e73bdedeb7
[2025-12-14 16:49:51.517] [global] [info] [git_source_control.cc:519] Resolved divergent commit as 78539538ca4282c1f3cf42d3584b97e73bdedeb7
[2025-12-14 16:49:52.865] [global] [info] [git_source_control.cc:517] Computing merge base between 78539538ca4282c1f3cf42d3584b97e73bdedeb7 and 78539538ca4282c1f3cf42d3584b97e73bdedeb7
[2025-12-14 16:49:52.865] [global] [info] [git_source_control.cc:519] Resolved divergent commit as 78539538ca4282c1f3cf42d3584b97e73bdedeb7
[2025-12-14 16:52:37.144] [global] [info] [git_source_control.cc:517] Computing merge base between 78539538ca4282c1f3cf42d3584b97e73bdedeb7 and 78539538ca4282c1f3cf42d3584b97e73bdedeb7
[2025-12-14 16:52:37.144] [global] [info] [git_source_control.cc:519] Resolved divergent commit as 78539538ca4282c1f3cf42d3584b97e73bdedeb7
[2025-12-14 16:52:37.191] [global] [info] [cache.cc:974] [monitor] [trufflehog:lint:src\components\AIChat.tsx:HEAD] running linter (cache-key:175fd5c182adf8b78f9b3b12d63d0c56)
[2025-12-14 16:52:38.565] [global] [warning] [resolve_binary.cc:46] is_regular_file check failed for for C:\Users\jensv\AppData\Local\trunk\tools\trufflehog\3.92.3-1cfbe64db1a40343dc16e8ce20c499f6/bin\python3.bat // 3:Het systeem kan het opgegeven pad niet vinden.
[2025-12-14 16:52:38.565] [global] [warning] [resolve_binary.cc:46] is_regular_file check failed for for C:\Users\jensv\AppData\Local\trunk\tools\trufflehog\3.92.3-1cfbe64db1a40343dc16e8ce20c499f6/bin\python3 // 3:Het systeem kan het opgegeven pad niet vinden.
[2025-12-14 16:52:38.565] [global] [warning] [resolve_binary.cc:46] is_regular_file check failed for for C:\Users\jensv\AppData\Local\trunk\tools\trufflehog\3.92.3-1cfbe64db1a40343dc16e8ce20c499f6/bin\python3.exe // 3:Het systeem kan het opgegeven pad niet vinden.
[2025-12-14 16:52:38.565] [global] [warning] [resolve_binary.cc:46] is_regular_file check failed for for C:\Users\jensv\AppData\Local\trunk\tools\trufflehog\3.92.3-1cfbe64db1a40343dc16e8ce20c499f6/Scripts\python3.bat // 3:Het systeem kan het opgegeven pad niet vinden.
[2025-12-14 16:52:38.565] [global] [warning] [resolve_binary.cc:46] is_regular_file check failed for for C:\Users\jensv\AppData\Local\trunk\tools\trufflehog\3.92.3-1cfbe64db1a40343dc16e8ce20c499f6/Scripts\python3 // 3:Het systeem kan het opgegeven pad niet vinden.
[2025-12-14 16:52:38.565] [global] [warning] [resolve_binary.cc:46] is_regular_file check failed for for C:\Users\jensv\AppData\Local\trunk\tools\trufflehog\3.92.3-1cfbe64db1a40343dc16e8ce20c499f6/Scripts\python3.exe // 3:Het systeem kan het opgegeven pad niet vinden.
[2025-12-14 16:52:38.565] [global] [warning] [resolve_binary.cc:46] is_regular_file check failed for for C:\Users\jensv\AppData\Local\trunk\tools\python\3.10.8-2211cb108575de2785d77a26a1f8d070/bin\python3.bat // 3:Het systeem kan het opgegeven pad niet vinden.
[2025-12-14 16:52:38.565] [global] [warning] [resolve_binary.cc:46] is_regular_file check failed for for C:\Users\jensv\AppData\Local\trunk\tools\python\3.10.8-2211cb108575de2785d77a26a1f8d070/bin\python3 // 3:Het systeem kan het opgegeven pad niet vinden.
[2025-12-14 16:52:38.565] [global] [warning] [resolve_binary.cc:46] is_regular_file check failed for for C:\Users\jensv\AppData\Local\trunk\tools\python\3.10.8-2211cb108575de2785d77a26a1f8d070/bin\python3.exe // 3:Het systeem kan het opgegeven pad niet vinden.
[2025-12-14 16:52:38.636] [global] [info] [cache.cc:1117] [monitor] [trufflehog:lint:src\components\AIChat.tsx:HEAD] Linter ran in 1442ms
[2025-12-14 16:54:23.610] [global] [info] [git_source_control.cc:517] Computing merge base between 78539538ca4282c1f3cf42d3584b97e73bdedeb7 and 78539538ca4282c1f3cf42d3584b97e73bdedeb7
[2025-12-14 16:54:23.610] [global] [info] [git_source_control.cc:519] Resolved divergent commit as 78539538ca4282c1f3cf42d3584b97e73bdedeb7
[2025-12-14 16:54:23.648] [global] [info] [cache.cc:974] [monitor] [trufflehog:lint:src\components\AIChat.tsx:HEAD] running linter (cache-key:7ce1634e0b49a08a98696cb028a015dc)
[2025-12-14 16:54:24.962] [global] [warning] [resolve_binary.cc:46] is_regular_file check failed for for C:\Users\jensv\AppData\Local\trunk\tools\trufflehog\3.92.3-1cfbe64db1a40343dc16e8ce20c499f6/bin\python3.bat // 3:Het systeem kan het opgegeven pad niet vinden.
[2025-12-14 16:54:24.962] [global] [warning] [resolve_binary.cc:46] is_regular_file check failed for for C:\Users\jensv\AppData\Local\trunk\tools\trufflehog\3.92.3-1cfbe64db1a40343dc16e8ce20c499f6/bin\python3 // 3:Het systeem kan het opgegeven pad niet vinden.
[2025-12-14 16:54:24.962] [global] [warning] [resolve_binary.cc:46] is_regular_file check failed for for C:\Users\jensv\AppData\Local\trunk\tools\trufflehog\3.92.3-1cfbe64db1a40343dc16e8ce20c499f6/bin\python3.exe // 3:Het systeem kan het opgegeven pad niet vinden.
[2025-12-14 16:54:24.962] [global] [warning] [resolve_binary.cc:46] is_regular_file check failed for for C:\Users\jensv\AppData\Local\trunk\tools\trufflehog\3.92.3-1cfbe64db1a40343dc16e8ce20c499f6/Scripts\python3.bat // 3:Het systeem kan het opgegeven pad niet vinden.
[2025-12-14 16:54:24.962] [global] [warning] [resolve_binary.cc:46] is_regular_file check failed for for C:\Users\jensv\AppData\Local\trunk\tools\trufflehog\3.92.3-1cfbe64db1a40343dc16e8ce20c499f6/Scripts\python3 // 3:Het systeem kan het opgegeven pad niet vinden.
[2025-12-14 16:54:24.962] [global] [warning] [resolve_binary.cc:46] is_regular_file check failed for for C:\Users\jensv\AppData\Local\trunk\tools\trufflehog\3.92.3-1cfbe64db1a40343dc16e8ce20c499f6/Scripts\python3.exe // 3:Het systeem kan het opgegeven pad niet vinden.
[2025-12-14 16:54:24.962] [global] [warning] [resolve_binary.cc:46] is_regular_file check failed for for C:\Users\jensv\AppData\Local\trunk\tools\python\3.10.8-2211cb108575de2785d77a26a1f8d070/bin\python3.bat // 3:Het systeem kan het opgegeven pad niet vinden.
[2025-12-14 16:54:24.962] [global] [warning] [resolve_binary.cc:46] is_regular_file check failed for for C:\Users\jensv\AppData\Local\trunk\tools\python\3.10.8-2211cb108575de2785d77a26a1f8d070/bin\python3 // 3:Het systeem kan het opgegeven pad niet vinden.
[2025-12-14 16:54:24.962] [global] [warning] [resolve_binary.cc:46] is_regular_file check failed for for C:\Users\jensv\AppData\Local\trunk\tools\python\3.10.8-2211cb108575de2785d77a26a1f8d070/bin\python3.exe // 3:Het systeem kan het opgegeven pad niet vinden.
[2025-12-14 16:54:25.021] [global] [info] [cache.cc:1117] [monitor] [trufflehog:lint:src\components\AIChat.tsx:HEAD] Linter ran in 1371ms
[2025-12-14 16:56:06.351] [global] [info] [git_source_control.cc:517] Computing merge base between 78539538ca4282c1f3cf42d3584b97e73bdedeb7 and 78539538ca4282c1f3cf42d3584b97e73bdedeb7
